timestamp,WINDSPD,GUST,WINDDIR,SLP,TMP,TMPE,FLHGT,RH,TCDC,APCP1,HCDC,MCDC,LCDC,SLHGT,PCPT,model_name,model_id
2026-08-02 00:00:00,5.5,5.5,29.0,1010.7,26.9,26.9,4356.0,83.0,82.0,0.0,82.0,0.0,0.0,4156,0,WRF 9 km (Europe),21
2026-08-02 01:00:00,7.1,7.2,33.0,1010.5,26.5,26.5,4354.0,76.0,91.0,0.0,91.0,0.0,0.0,4154,0,WRF 9 km (Europe),21
2026-08-02 02:00:00,8.0,8.8,33.0,1010.3,26.3,26.3,4326.0,66.0,87.0,0.0,87.0,1.0,0.0,4126,0,WRF 9 km (Europe),21
2026-08-02 03:00:00,9.3,10.4,31.0,1010.1,25.7,25.7,4280.0,64.0,81.0,0.0,81.0,6.0,0.0,4080,0,WRF 9 km (Europe),21
2026-08-02 04:00:00,10.3,13.1,36.0,1010.2,25.5,25.5,4230.0,63.0,78.0,0.0,78.0,11.0,0.0,4030,0,WRF 9 km (Europe),21
2026-08-02 05:00:00,10.7,14.2,45.0,1010.6,25.7,25.7,4217.0,63.0,73.0,0.0,73.0,14.0,0.0,4017,0,WRF 9 km (Europe),21
2026-08-02 06:00:00,9.9,13.1,49.0,1011.0,26.8,26.8,4238.0,62.0,60.0,0.0,60.0,7.0,0.0,4038,0,WRF 9 km (Europe),21
2026-08-02 07:00:00,9.8,14.0,66.0,1011.5,28.6,28.6,4312.0,58.0,42.0,0.0,42.0,8.0,0.0,4112,0,WRF 9 km (Europe),21
2026-08-02 08:00:00,8.1,9.8,91.0,1011.8,29.5,29.5,4310.0,57.0,35.0,0.0,35.0,20.0,0.0,4110,0,WRF 9 km (Europe),21
2026-08-02 09:00:00,6.5,8.2,96.0,1012.1,29.6,29.6,4293.0,58.0,43.0,0.0,43.0,18.0,0.0,4093,0,WRF 9 km (Europe),21
2026-08-02 10:00:00,6.1,7.5,107.0,1012.4,29.8,29.8,4284.0,58.0,49.0,0.0,49.0,16.0,0.0,4084,0,WRF 9 km (Europe),21
2026-08-02 11:00:00,5.5,6.9,120.0,1012.5,29.9,29.9,4307.0,57.0,34.0,0.0,34.0,13.0,0.0,4107,0,WRF 9 km (Europe),21
2026-08-02 12:00:00,5.2,6.3,133.0,1012.2,30.0,30.0,4344.0,56.0,16.0,0.0,16.0,8.0,0.0,4144,0,WRF 9 km (Europe),21
2026-08-02 13:00:00,6.4,7.3,143.0,1012.1,29.9,29.9,4370.0,57.0,3.0,0.0,1.0,1.0,0.0,4170,0,WRF 9 km (Europe),21
2026-08-02 14:00:00,6.0,7.0,143.0,1012.0,29.9,29.9,4400.0,58.0,0.0,0.0,0.0,0.0,0.0,4200,0,WRF 9 km (Europe),21
2026-08-02 15:00:00,5.0,5.9,144.0,1012.0,30.1,30.1,4421.0,57.0,0.0,0.0,0.0,0.0,0.0,4221,0,WRF 9 km (Europe),21
2026-08-02 16:00:00,4.4,5.0,146.0,1011.8,30.2,30.2,4436.0,57.0,0.0,0.0,0.0,0.0,0.0,4236,0,WRF 9 km (Europe),21
2026-08-02 17:00:00,4.0,4.6,139.0,1011.7,30.2,30.2,4449.0,57.0,0.0,0.0,0.0,0.0,0.0,4249,0,WRF 9 km (Europe),21
2026-08-02 18:00:00,3.5,3.9,132.0,1011.7,30.1,30.1,4449.0,58.0,0.0,0.0,0.0,0.0,0.0,4249,0,WRF 9 km (Europe),21
2026-08-02 19:00:00,3.3,3.6,145.0,1012.0,29.7,29.7,4468.0,63.0,0.0,0.0,0.0,0.0,0.0,4268,0,WRF 9 km (Europe),21
2026-08-02 20:00:00,3.1,3.5,156.0,1012.5,29.3,29.3,4464.0,65.0,0.0,0.0,0.0,0.0,0.0,4264,0,WRF 9 km (Europe),21
2026-08-02 21:00:00,0.5,1.9,92.0,1012.9,28.8,28.8,4465.0,66.0,0.0,0.0,0.0,0.0,0.0,4265,0,WRF 9 km (Europe),21
2026-08-02 22:00:00,4.4,4.5,5.0,1013.2,28.2,28.2,4435.0,66.0,0.0,0.0,0.0,0.0,0.0,4235,0,WRF 9 km (Europe),21
2026-08-02 23:00:00,5.2,5.4,19.0,1013.0,27.5,27.5,4396.0,63.0,0.0,0.0,0.0,0.0,0.0,4196,0,WRF 9 km (Europe),21
2026-08-03 00:00:00,9.0,10.2,30.0,1013.1,26.5,26.5,4354.0,67.0,6.0,0.0,6.0,0.0,0.0,4154,0,WRF 9 km (Europe),21
2026-08-03 01:00:00,9.3,12.6,35.0,1013.0,26.3,26.3,4341.0,65.0,2.0,0.0,2.0,0.0,0.0,4141,0,WRF 9 km (Europe),21
2026-08-03 02:00:00,9.2,12.9,43.0,1013.1,26.3,26.3,4326.0,63.0,1.0,0.0,1.0,0.0,0.0,4126,0,WRF 9 km (Europe),21
2026-08-03 03:00:00,9.1,12.3,45.0,1013.1,26.1,26.1,4290.0,63.0,1.0,0.0,1.0,0.0,0.0,4090,0,WRF 9 km (Europe),21
2026-08-03 04:00:00,9.3,11.5,43.0,1013.2,25.5,25.5,4260.0,65.0,1.0,0.0,1.0,0.0,0.0,4060,0,WRF 9 km (Europe),21
2026-08-03 05:00:00,8.8,10.2,41.0,1013.5,25.2,25.2,4259.0,67.0,3.0,0.0,3.0,0.0,0.0,4059,0,WRF 9 km (Europe),21
2026-08-03 06:00:00,7.7,8.9,44.0,1013.8,26.0,26.0,4264.0,65.0,2.0,0.0,2.0,0.0,0.0,4064,0,WRF 9 km (Europe),21
2026-08-03 07:00:00,6.8,8.2,61.0,1014.1,27.5,27.5,4274.0,63.0,0.0,0.0,0.0,0.0,0.0,4074,0,WRF 9 km (Europe),21
2026-08-03 08:00:00,6.2,7.5,90.0,1014.3,28.5,28.5,4276.0,62.0,0.0,0.0,0.0,0.0,0.0,4076,0,WRF 9 km (Europe),21
2026-08-03 09:00:00,6.5,6.8,118.0,1014.6,28.7,28.7,4280.0,65.0,0.0,0.0,0.0,0.0,0.0,4080,0,WRF 9 km (Europe),21
2026-08-03 10:00:00,7.1,7.3,134.0,1014.9,28.6,28.6,4292.0,70.0,0.0,0.0,0.0,0.0,0.0,4092,0,WRF 9 km (Europe),21
2026-08-03 11:00:00,7.2,7.6,139.0,1015.0,28.6,28.6,4311.0,71.0,0.0,0.0,0.0,0.0,0.0,4111,0,WRF 9 km (Europe),21
2026-08-03 12:00:00,7.8,8.2,142.0,1014.7,28.5,28.5,4314.0,74.0,0.0,0.0,0.0,0.0,0.0,4114,0,WRF 9 km (Europe),21
2026-08-03 13:00:00,8.5,8.9,146.0,1014.3,28.5,28.5,4321.0,76.0,0.0,0.0,0.0,0.0,0.0,4121,0,WRF 9 km (Europe),21
2026-08-03 14:00:00,8.5,8.9,149.0,1014.0,28.5,28.5,4352.0,75.0,0.0,0.0,0.0,0.0,0.0,4152,0,WRF 9 km (Europe),21
2026-08-03 15:00:00,8.0,8.7,146.0,1013.8,28.8,28.8,4386.0,70.0,0.0,0.0,0.0,0.0,0.0,4186,0,WRF 9 km (Europe),21
2026-08-03 16:00:00,8.0,9.0,144.0,1013.5,29.0,29.0,4415.0,67.0,0.0,0.0,0.0,0.0,0.0,4215,0,WRF 9 km (Europe),21
2026-08-03 17:00:00,7.9,8.8,144.0,1013.5,29.1,29.1,4409.0,67.0,0.0,0.0,0.0,0.0,0.0,4209,0,WRF 9 km (Europe),21
2026-08-03 18:00:00,7.6,8.6,146.0,1013.6,29.0,29.0,4414.0,69.0,0.0,0.0,0.0,0.0,0.0,4214,0,WRF 9 km (Europe),21
2026-08-03 19:00:00,7.5,8.7,146.0,1014.0,28.7,28.7,4403.0,72.0,0.0,0.0,0.0,0.0,0.0,4203,0,WRF 9 km (Europe),21
2026-08-03 20:00:00,6.4,7.7,133.0,1014.2,28.5,28.5,4368.0,75.0,0.0,0.0,0.0,0.0,0.0,4168,0,WRF 9 km (Europe),21
2026-08-03 21:00:00,5.1,5.8,96.0,1014.5,28.1,28.1,4378.0,78.0,0.0,0.0,0.0,0.0,0.0,4178,0,WRF 9 km (Europe),21
2026-08-03 22:00:00,5.4,6.0,63.0,1014.7,27.4,27.4,4420.0,83.0,0.0,0.0,0.0,0.0,0.0,4220,0,WRF 9 km (Europe),21
2026-08-03 23:00:00,5.9,6.5,65.0,1014.8,27.0,27.0,4490.0,86.0,3.0,0.0,3.0,0.0,0.0,4290,0,WRF 9 km (Europe),21
2026-08-04 00:00:00,8.0,8.5,47.0,1014.5,25.9,25.9,4488.0,96.0,0.0,0.0,0.0,0.0,0.0,4288,0,WRF 9 km (Europe),21
2026-08-04 01:00:00,8.4,9.3,61.0,1014.0,25.8,25.8,4438.0,96.0,0.0,0.0,0.0,0.0,0.0,4238,0,WRF 9 km (Europe),21
2026-08-04 02:00:00,8.2,9.5,71.0,1013.7,25.7,25.7,4426.0,94.0,0.0,0.0,0.0,0.0,0.0,4226,0,WRF 9 km (Europe),21
2026-08-04 03:00:00,7.9,9.5,77.0,1013.5,25.7,25.7,4421.0,92.0,0.0,0.0,0.0,0.0,0.0,4221,0,WRF 9 km (Europe),21
2026-08-04 04:00:00,7.6,9.2,78.0,1013.5,25.7,25.7,4446.0,91.0,0.0,0.0,0.0,0.0,0.0,4246,0,WRF 9 km (Europe),21
2026-08-04 05:00:00,7.2,9.0,78.0,1014.0,25.9,25.9,4469.0,88.0,0.0,0.0,0.0,0.0,0.0,4269,0,WRF 9 km (Europe),21
2026-08-04 06:00:00,6.4,8.1,70.0,1014.5,26.5,26.5,4442.0,82.0,0.0,0.0,0.0,0.0,0.0,4242,0,WRF 9 km (Europe),21
2026-08-04 07:00:00,6.3,7.9,74.0,1014.8,27.5,27.5,4408.0,75.0,0.0,0.0,0.0,0.0,0.0,4208,0,WRF 9 km (Europe),21
2026-08-04 08:00:00,6.8,7.4,95.0,1014.9,28.3,28.3,4376.0,69.0,0.0,0.0,0.0,0.0,0.0,4176,0,WRF 9 km (Europe),21
2026-08-04 09:00:00,7.9,8.2,114.0,1015.0,28.4,28.4,4345.0,70.0,0.0,0.0,0.0,0.0,0.0,4145,0,WRF 9 km (Europe),21
2026-08-04 10:00:00,9.1,9.5,124.0,1015.2,28.1,28.1,4295.0,76.0,0.0,0.0,0.0,0.0,0.0,4095,0,WRF 9 km (Europe),21
2026-08-04 11:00:00,9.4,10.2,125.0,1015.1,28.0,28.0,4268.0,80.0,0.0,0.0,0.0,0.0,0.0,4068,0,WRF 9 km (Europe),21
2026-08-04 12:00:00,9.8,10.6,122.0,1014.7,28.1,28.1,4300.0,80.0,0.0,0.0,0.0,0.0,0.0,4100,0,WRF 9 km (Europe),21
2026-08-04 13:00:00,10.2,11.1,124.0,1014.3,28.3,28.3,4342.0,80.0,0.0,0.0,0.0,0.0,0.0,4142,0,WRF 9 km (Europe),21
2026-08-04 14:00:00,10.0,11.1,133.0,1013.9,28.3,28.3,4368.0,80.0,3.0,0.0,3.0,0.0,0.0,4168,0,WRF 9 km (Europe),21
2026-08-04 15:00:00,8.8,9.8,139.0,1013.5,28.4,28.4,4372.0,80.0,0.0,0.0,0.0,0.0,0.0,4172,0,WRF 9 km (Europe),21
2026-08-04 16:00:00,8.2,9.3,151.0,1013.2,28.5,28.5,4390.0,79.0,0.0,0.0,0.0,0.0,0.0,4190,0,WRF 9 km (Europe),21
2026-08-04 17:00:00,7.8,9.2,150.0,1012.9,28.5,28.5,4394.0,78.0,0.0,0.0,0.0,0.0,0.0,4194,0,WRF 9 km (Europe),21
2026-08-04 18:00:00,7.2,8.8,143.0,1013.1,28.6,28.6,4363.0,76.0,0.0,0.0,0.0,0.0,0.0,4163,0,WRF 9 km (Europe),21
2026-08-04 19:00:00,6.8,8.2,140.0,1013.5,28.6,28.6,4340.0,76.0,0.0,0.0,0.0,0.0,0.0,4140,0,WRF 9 km (Europe),21
2026-08-04 20:00:00,6.6,8.4,134.0,1013.9,28.6,28.6,4345.0,76.0,0.0,0.0,0.0,0.0,0.0,4145,0,WRF 9 km (Europe),21
2026-08-04 21:00:00,4.1,5.3,107.0,1014.1,28.3,28.3,4362.0,78.0,2.0,0.0,2.0,0.0,0.0,4162,0,WRF 9 km (Europe),21
2026-08-04 22:00:00,5.0,5.1,37.0,1014.7,27.6,27.6,4360.0,81.0,0.0,0.0,0.0,0.0,0.0,4160,0,WRF 9 km (Europe),21
2026-08-04 23:00:00,7.5,7.7,41.0,1014.7,27.1,27.1,4312.0,83.0,0.0,0.0,0.0,0.0,0.0,4112,0,WRF 9 km (Europe),21
2026-08-05 00:00:00,7.5,8.3,47.0,1013.2,26.2,26.2,4415.0,99.0,0.0,0.0,0.0,0.0,0.0,4215,0,WRF 9 km (Europe),21
2026-08-05 01:00:00,6.9,7.6,57.0,1013.1,25.8,25.8,4377.0,99.0,0.0,0.0,0.0,0.0,0.0,4177,0,WRF 9 km (Europe),21
2026-08-05 02:00:00,6.6,7.2,59.0,1013.0,25.5,25.5,4303.0,98.0,0.0,0.0,0.0,0.0,0.0,4103,0,WRF 9 km (Europe),21
2026-08-05 03:00:00,6.3,7.1,56.0,1012.8,25.2,25.2,4271.0,97.0,0.0,0.0,0.0,0.0,0.0,4071,0,WRF 9 km (Europe),21
2026-08-05 04:00:00,5.4,5.9,61.0,1013.0,25.3,25.3,4275.0,94.0,0.0,0.0,0.0,0.0,0.0,4075,0,WRF 9 km (Europe),21
2026-08-05 05:00:00,5.3,5.8,57.0,1013.3,25.6,25.6,4296.0,89.0,0.0,0.0,0.0,0.0,0.0,4096,0,WRF 9 km (Europe),21
2026-08-05 06:00:00,5.1,5.5,46.0,1013.5,26.4,26.4,4301.0,81.0,0.0,0.0,0.0,0.0,0.0,4101,0,WRF 9 km (Europe),21
2026-08-05 07:00:00,5.0,6.1,50.0,1013.7,27.8,27.8,4291.0,69.0,0.0,0.0,0.0,0.0,0.0,4091,0,WRF 9 km (Europe),21
2026-08-05 08:00:00,4.9,6.2,80.0,1013.8,29.1,29.1,4281.0,61.0,0.0,0.0,0.0,0.0,0.0,4081,0,WRF 9 km (Europe),21
2026-08-05 09:00:00,6.3,7.0,119.0,1013.9,29.3,29.3,4277.0,63.0,0.0,0.0,0.0,0.0,0.0,4077,0,WRF 9 km (Europe),21
2026-08-05 10:00:00,7.9,8.5,134.0,1014.0,28.9,28.9,4272.0,69.0,0.0,0.0,0.0,0.0,0.0,4072,0,WRF 9 km (Europe),21
2026-08-05 11:00:00,8.0,8.7,137.0,1013.8,28.7,28.7,4292.0,75.0,0.0,0.0,0.0,0.0,0.0,4092,0,WRF 9 km (Europe),21
2026-08-05 12:00:00,7.4,8.0,142.0,1013.4,28.6,28.6,4334.0,80.0,0.0,0.0,0.0,0.0,0.0,4134,0,WRF 9 km (Europe),21
2026-08-05 13:00:00,6.6,7.6,133.0,1013.2,28.8,28.8,4353.0,81.0,0.0,0.0,0.0,0.0,0.0,4153,0,WRF 9 km (Europe),21
2026-08-05 14:00:00,7.3,8.2,129.0,1012.8,29.2,29.2,4384.0,79.0,0.0,0.0,0.0,0.0,0.0,4184,0,WRF 9 km (Europe),21
2026-08-05 15:00:00,8.0,8.9,137.0,1012.4,29.2,29.2,4430.0,80.0,0.0,0.0,0.0,0.0,0.0,4230,0,WRF 9 km (Europe),21
2026-08-05 16:00:00,7.7,8.7,138.0,1012.1,29.2,29.2,4440.0,80.0,0.0,0.0,0.0,0.0,0.0,4240,0,WRF 9 km (Europe),21
2026-08-05 17:00:00,7.6,8.9,138.0,1011.9,29.2,29.2,4420.0,79.0,0.0,0.0,0.0,0.0,0.0,4220,0,WRF 9 km (Europe),21
2026-08-05 18:00:00,7.5,9.3,147.0,1012.1,29.2,29.2,4412.0,80.0,47.0,0.0,47.0,0.0,0.0,4212,0,WRF 9 km (Europe),21
2026-08-05 19:00:00,7.5,9.4,158.0,1012.9,29.2,29.2,4407.0,78.0,30.0,0.0,30.0,0.0,0.0,4207,0,WRF 9 km (Europe),21
2026-08-05 20:00:00,5.4,7.2,155.0,1013.5,29.2,29.2,4390.0,78.0,70.0,0.0,70.0,0.0,0.0,4190,0,WRF 9 km (Europe),21
2026-08-05 21:00:00,3.6,4.3,130.0,1013.5,28.9,28.9,4374.0,80.0,74.0,0.0,74.0,0.0,0.0,4174,0,WRF 9 km (Europe),21
2026-08-05 22:00:00,4.7,4.7,23.0,1013.7,27.9,27.9,4375.0,85.0,58.0,0.0,58.0,4.0,0.0,4175,0,WRF 9 km (Europe),21
2026-08-05 23:00:00,6.1,6.3,41.0,1013.7,27.3,27.3,4408.0,86.0,49.0,0.0,49.0,1.0,0.0,4208,0,WRF 9 km (Europe),21
2026-08-06 00:00:00,4.9,5.0,40.0,1013.5,27.3,27.3,4396.0,92.0,58.0,0.0,58.0,1.0,0.0,4196,0,WRF 9 km (Europe),21
2026-08-06 01:00:00,6.0,6.1,32.0,1013.1,26.8,26.8,4370.0,91.0,34.0,0.0,34.0,0.0,0.0,4170,0,WRF 9 km (Europe),21
2026-08-06 02:00:00,7.2,7.6,34.0,1012.9,26.6,26.6,4341.0,85.0,34.0,0.0,34.0,0.0,0.0,4141,0,WRF 9 km (Europe),21
2026-08-06 03:00:00,7.9,9.2,42.0,1012.6,26.6,26.6,4301.0,77.0,25.0,0.0,25.0,0.0,0.0,4101,0,WRF 9 km (Europe),21
2026-08-06 04:00:00,7.7,10.3,48.0,1012.7,26.6,26.6,4282.0,73.0,21.0,0.0,21.0,0.0,0.0,4082,0,WRF 9 km (Europe),21
2026-08-06 05:00:00,6.0,7.2,52.0,1012.9,26.5,26.5,4280.0,72.0,17.0,0.0,17.0,0.0,0.0,4080,0,WRF 9 km (Europe),21
2026-08-06 06:00:00,2.0,2.6,69.0,1012.9,27.1,27.1,4275.0,71.0,21.0,0.0,21.0,0.0,0.0,4075,0,WRF 9 km (Europe),21
2026-08-06 07:00:00,1.0,1.4,74.0,1013.0,27.8,27.8,4275.0,72.0,21.0,0.0,21.0,0.0,0.0,4075,0,WRF 9 km (Europe),21
2026-08-06 08:00:00,0.9,1.5,121.0,1013.3,28.6,28.6,4270.0,71.0,15.0,0.0,15.0,0.0,0.0,4070,0,WRF 9 km (Europe),21
2026-08-06 09:00:00,2.4,2.5,164.0,1013.5,29.2,29.2,4265.0,69.0,11.0,0.0,11.0,0.0,0.0,4065,0,WRF 9 km (Europe),21
2026-08-06 10:00:00,4.5,4.6,172.0,1013.3,29.5,29.5,4272.0,70.0,7.0,0.0,7.0,0.0,0.0,4072,0,WRF 9 km (Europe),21
2026-08-06 11:00:00,5.8,6.1,168.0,1013.1,29.7,29.7,4293.0,68.0,0.0,0.0,0.0,0.0,0.0,4093,0,WRF 9 km (Europe),21
2026-08-06 12:00:00,6.4,6.9,161.0,1012.7,30.0,30.0,4309.0,66.0,0.0,0.0,0.0,0.0,0.0,4109,0,WRF 9 km (Europe),21
2026-08-06 13:00:00,7.0,7.7,147.0,1012.1,30.3,30.3,4342.0,65.0,0.0,0.0,0.0,0.0,0.0,4142,0,WRF 9 km (Europe),21
2026-08-06 14:00:00,8.6,9.8,144.0,1011.4,30.5,30.5,4393.0,65.0,0.0,0.0,0.0,0.0,0.0,4193,0,WRF 9 km (Europe),21
2026-08-06 15:00:00,8.6,10.2,151.0,1011.1,30.4,30.4,4393.0,66.0,0.0,0.0,0.0,0.0,0.0,4193,0,WRF 9 km (Europe),21
2026-08-06 16:00:00,6.5,7.9,146.0,1010.9,30.4,30.4,4397.0,66.0,8.0,0.0,0.0,8.0,0.0,4197,0,WRF 9 km (Europe),21
2026-08-06 17:00:00,4.8,5.8,135.0,1010.8,30.4,30.4,4378.0,67.0,21.0,0.0,0.0,21.0,0.0,4178,0,WRF 9 km (Europe),21
2026-08-06 18:00:00,4.5,5.6,131.0,1011.0,30.2,30.2,4402.0,69.0,19.0,0.0,0.0,19.0,0.0,4202,0,WRF 9 km (Europe),21
2026-08-06 19:00:00,4.9,5.8,106.0,1011.1,30.0,30.0,4314.0,71.0,26.0,0.0,1.0,26.0,0.0,4114,0,WRF 9 km (Europe),21
2026-08-06 20:00:00,3.8,3.9,80.0,1011.4,29.9,29.9,4259.0,69.0,71.0,0.0,34.0,71.0,0.0,4059,0,WRF 9 km (Europe),21
2026-08-06 21:00:00,5.2,5.7,35.0,1011.5,29.5,29.5,4269.0,71.0,85.0,0.0,31.0,85.0,0.0,4069,0,WRF 9 km (Europe),21
2026-08-06 22:00:00,9.4,17.7,30.0,1011.5,29.4,29.4,4252.0,64.0,75.0,0.0,0.0,75.0,0.0,4052,0,WRF 9 km (Europe),21
2026-08-06 23:00:00,10.0,19.5,29.0,1011.6,29.0,29.0,4214.0,62.0,91.0,0.0,0.0,91.0,0.0,4014,0,WRF 9 km (Europe),21
2026-08-08 00:00:00,22.1,36.2,41.0,1013.6,25.1,25.1,4204.0,73.0,2.0,0.0,0.0,2.0,0.0,4004,0,WRF 9 km (Europe),21
2026-08-08 01:00:00,20.2,32.2,41.0,1013.3,25.1,25.1,4153.0,73.0,5.0,0.0,0.0,5.0,0.0,3953,0,WRF 9 km (Europe),21
2026-08-08 02:00:00,20.0,32.3,44.0,1013.5,25.2,25.2,4111.0,73.0,17.0,0.0,0.0,17.0,0.0,3911,0,WRF 9 km (Europe),21
2026-08-08 03:00:00,20.8,34.9,47.0,1013.6,25.0,25.0,4099.0,72.0,32.0,0.0,0.0,32.0,0.0,3899,0,WRF 9 km (Europe),21
2026-08-08 04:00:00,19.8,33.4,44.0,1013.9,24.9,24.9,4132.0,72.0,29.0,0.0,0.0,29.0,0.0,3932,0,WRF 9 km (Europe),21
2026-08-08 05:00:00,17.7,29.8,40.0,1014.2,25.2,25.2,4152.0,68.0,26.0,0.0,0.0,26.0,0.0,3952,0,WRF 9 km (Europe),21
2026-08-08 06:00:00,17.7,28.4,42.0,1014.5,26.0,26.0,4175.0,64.0,35.0,0.0,0.0,35.0,0.0,3975,0,WRF 9 km (Europe),21
2026-08-08 07:00:00,17.2,24.5,46.0,1014.9,26.9,26.9,4175.0,60.0,48.0,0.0,0.0,48.0,1.0,3975,0,WRF 9 km (Europe),21
2026-08-08 08:00:00,15.8,19.9,53.0,1014.9,27.8,27.8,4156.0,59.0,52.0,0.0,0.0,52.0,2.0,3956,0,WRF 9 km (Europe),21
2026-08-08 09:00:00,15.4,18.6,60.0,1014.8,28.8,28.8,4118.0,57.0,60.0,0.0,0.0,60.0,0.0,3918,0,WRF 9 km (Europe),21
2026-08-08 10:00:00,14.5,16.8,71.0,1014.9,29.4,29.4,4141.0,56.0,60.0,0.0,0.0,60.0,0.0,3941,0,WRF 9 km (Europe),21
2026-08-08 11:00:00,13.9,15.5,82.0,1015.1,29.8,29.8,4208.0,56.0,76.0,0.0,0.0,76.0,2.0,4008,0,WRF 9 km (Europe),21
2026-08-08 12:00:00,12.9,14.0,90.0,1014.9,30.1,30.1,4257.0,56.0,74.0,0.0,0.0,74.0,4.0,4057,0,WRF 9 km (Europe),21
2026-08-08 13:00:00,12.0,12.9,96.0,1014.7,30.3,30.3,4333.0,55.0,69.0,0.0,0.0,69.0,5.0,4133,0,WRF 9 km (Europe),21
2026-08-08 14:00:00,11.1,12.2,98.0,1014.7,30.6,30.6,4404.0,55.0,42.0,0.0,0.0,42.0,5.0,4204,0,WRF 9 km (Europe),21
2026-08-08 15:00:00,10.3,11.5,100.0,1014.8,30.7,30.7,4438.0,55.0,12.0,0.0,0.0,8.0,7.0,4238,0,WRF 9 km (Europe),21
2026-08-08 16:00:00,9.7,11.2,97.0,1014.8,30.7,30.7,4436.0,55.0,10.0,0.0,0.0,4.0,10.0,4236,0,WRF 9 km (Europe),21
2026-08-08 17:00:00,9.7,11.4,87.0,1014.8,30.8,30.8,4430.0,55.0,8.0,0.0,0.0,1.0,8.0,4230,0,WRF 9 km (Europe),21
2026-08-08 18:00:00,11.4,13.5,72.0,1015.3,30.7,30.7,4427.0,53.0,1.0,0.0,0.0,0.0,1.0,4227,0,WRF 9 km (Europe),21
2026-08-08 19:00:00,12.4,16.2,61.0,1016.2,30.0,30.0,4437.0,54.0,0.0,0.0,0.0,0.0,0.0,4237,0,WRF 9 km (Europe),21
2026-08-08 20:00:00,13.1,18.2,59.0,1016.9,29.0,29.0,4415.0,58.0,0.0,0.0,0.0,0.0,0.0,4215,0,WRF 9 km (Europe),21
2026-08-08 21:00:00,12.2,17.1,53.0,1017.0,28.1,28.1,4448.0,62.0,0.0,0.0,0.0,0.0,0.0,4248,0,WRF 9 km (Europe),21
2026-08-08 22:00:00,11.8,15.7,48.0,1017.1,27.2,27.2,4436.0,65.0,0.0,0.0,0.0,0.0,0.0,4236,0,WRF 9 km (Europe),21
2026-08-08 23:00:00,11.9,15.1,41.0,1017.1,26.2,26.2,4396.0,66.0,0.0,0.0,0.0,0.0,0.0,4196,0,WRF 9 km (Europe),21
2026-08-09 00:00:00,10.3,13.2,43.0,1017.6,26.1,26.1,4344.0,69.0,0.0,0.0,0.0,0.0,0.0,4144,0,WRF 9 km (Europe),21
2026-08-09 01:00:00,10.3,12.7,39.0,1017.6,25.6,25.6,4344.0,69.0,0.0,0.0,0.0,0.0,0.0,4144,0,WRF 9 km (Europe),21
2026-08-09 02:00:00,10.6,14.3,40.0,1017.7,25.3,25.3,4372.0,68.0,0.0,0.0,0.0,0.0,0.0,4172,0,WRF 9 km (Europe),21
2026-08-09 03:00:00,10.6,14.5,39.0,1017.4,25.1,25.1,4382.0,67.0,0.0,0.0,0.0,0.0,0.0,4182,0,WRF 9 km (Europe),21
2026-08-09 04:00:00,11.0,15.0,35.0,1017.7,24.8,24.8,4372.0,66.0,0.0,0.0,0.0,0.0,0.0,4172,0,WRF 9 km (Europe),21
2026-08-09 05:00:00,11.6,15.5,37.0,1017.9,25.0,25.0,4391.0,61.0,1.0,0.0,1.0,0.0,0.0,4191,0,WRF 9 km (Europe),21
2026-08-09 06:00:00,10.9,13.5,39.0,1018.2,25.8,25.8,4421.0,54.0,1.0,0.0,1.0,0.0,0.0,4221,0,WRF 9 km (Europe),21
2026-08-09 07:00:00,9.0,10.2,44.0,1018.3,26.7,26.7,4436.0,49.0,19.0,0.0,19.0,0.0,0.0,4236,0,WRF 9 km (Europe),21
2026-08-09 08:00:00,6.7,7.6,53.0,1018.3,27.7,27.7,4447.0,46.0,5.0,0.0,5.0,0.0,0.0,4247,0,WRF 9 km (Europe),21
2026-08-09 09:00:00,4.2,4.8,77.0,1018.2,28.6,28.6,4456.0,43.0,1.0,0.0,1.0,0.0,0.0,4256,0,WRF 9 km (Europe),21
2026-08-09 10:00:00,4.3,4.1,131.0,1018.1,29.1,29.1,4480.0,43.0,0.0,0.0,0.0,0.0,0.0,4280,0,WRF 9 km (Europe),21
2026-08-09 11:00:00,5.9,5.7,151.0,1017.9,29.1,29.1,4473.0,46.0,13.0,0.0,13.0,0.0,0.0,4273,0,WRF 9 km (Europe),21
2026-08-09 12:00:00,7.5,7.4,158.0,1017.6,29.2,29.2,4472.0,48.0,19.0,0.0,19.0,0.0,0.0,4272,0,WRF 9 km (Europe),21
2026-08-09 13:00:00,8.3,8.6,158.0,1017.2,29.3,29.3,4470.0,50.0,0.0,0.0,0.0,0.0,0.0,4270,0,WRF 9 km (Europe),21
2026-08-09 14:00:00,8.7,9.3,157.0,1016.9,29.4,29.4,4491.0,52.0,0.0,0.0,0.0,0.0,0.0,4291,0,WRF 9 km (Europe),21
2026-08-09 15:00:00,9.1,9.9,154.0,1016.5,29.7,29.7,4529.0,52.0,0.0,0.0,0.0,0.0,0.0,4329,0,WRF 9 km (Europe),21
2026-08-09 16:00:00,9.0,9.9,150.0,1016.2,29.8,29.8,4557.0,53.0,0.0,0.0,0.0,0.0,0.0,4357,0,WRF 9 km (Europe),21
2026-08-09 17:00:00,8.3,9.2,150.0,1016.1,29.9,29.9,4572.0,54.0,0.0,0.0,0.0,0.0,0.0,4372,0,WRF 9 km (Europe),21
2026-08-09 18:00:00,7.4,8.2,153.0,1016.2,29.8,29.8,4562.0,56.0,0.0,0.0,0.0,0.0,0.0,4362,0,WRF 9 km (Europe),21
2026-08-09 19:00:00,6.6,7.3,158.0,1016.4,29.6,29.6,4549.0,58.0,0.0,0.0,0.0,0.0,0.0,4349,0,WRF 9 km (Europe),21
2026-08-09 20:00:00,6.0,6.6,169.0,1016.7,29.4,29.4,4518.0,61.0,18.0,0.0,18.0,0.0,0.0,4318,0,WRF 9 km (Europe),21
2026-08-09 21:00:00,5.1,5.4,182.0,1016.8,29.1,29.1,4505.0,63.0,25.0,0.0,25.0,0.0,0.0,4305,0,WRF 9 km (Europe),21
2026-08-09 22:00:00,2.0,3.2,255.0,1016.9,28.4,28.4,4532.0,66.0,13.0,0.0,13.0,0.0,0.0,4332,0,WRF 9 km (Europe),21
2026-08-09 23:00:00,4.0,4.1,322.0,1016.9,27.4,27.4,4547.0,67.0,0.0,0.0,0.0,0.0,0.0,4347,0,WRF 9 km (Europe),21
2026-08-10 00:00:00,3.1,3.1,34.0,1015.6,26.5,26.5,4520.0,73.0,12.0,0.0,12.0,0.0,0.0,4320,0,WRF 9 km (Europe),21
2026-08-10 01:00:00,2.9,2.9,46.0,1015.3,26.4,26.4,4484.0,74.0,4.0,0.0,4.0,0.0,0.0,4284,0,WRF 9 km (Europe),21
2026-08-10 02:00:00,2.7,2.8,47.0,1015.0,26.2,26.2,4424.0,75.0,0.0,0.0,0.0,0.0,0.0,4224,0,WRF 9 km (Europe),21
2026-08-10 03:00:00,3.2,3.2,31.0,1014.7,25.7,25.7,4380.0,77.0,0.0,0.0,0.0,0.0,0.0,4180,0,WRF 9 km (Europe),21
2026-08-10 04:00:00,3.6,3.6,28.0,1014.6,25.2,25.2,4350.0,79.0,0.0,0.0,0.0,0.0,0.0,4150,0,WRF 9 km (Europe),21
2026-08-10 05:00:00,3.9,3.7,20.0,1015.0,24.8,24.8,4334.0,81.0,0.0,0.0,0.0,0.0,0.0,4134,0,WRF 9 km (Europe),21
2026-08-10 06:00:00,3.6,3.5,19.0,1015.3,25.4,25.4,4332.0,77.0,2.0,0.0,2.0,0.0,0.0,4132,0,WRF 9 km (Europe),21
2026-08-10 07:00:00,2.4,2.5,35.0,1015.7,26.5,26.5,4323.0,70.0,0.0,0.0,0.0,0.0,0.0,4123,0,WRF 9 km (Europe),21
2026-08-10 08:00:00,2.1,2.4,113.0,1015.8,27.6,27.6,4325.0,64.0,0.0,0.0,0.0,0.0,0.0,4125,0,WRF 9 km (Europe),21
2026-08-10 09:00:00,4.6,4.7,148.0,1015.9,28.2,28.2,4325.0,63.0,0.0,0.0,0.0,0.0,0.0,4125,0,WRF 9 km (Europe),21
2026-08-10 10:00:00,6.3,6.7,147.0,1015.8,28.4,28.4,4314.0,64.0,0.0,0.0,0.0,0.0,0.0,4114,0,WRF 9 km (Europe),21
2026-08-10 11:00:00,8.1,8.6,141.0,1015.5,28.6,28.6,4318.0,65.0,0.0,0.0,0.0,0.0,0.0,4118,0,WRF 9 km (Europe),21
2026-08-10 12:00:00,9.9,10.8,145.0,1015.0,28.8,28.8,4334.0,67.0,0.0,0.0,0.0,0.0,0.0,4134,0,WRF 9 km (Europe),21
2026-08-10 13:00:00,11.2,12.6,152.0,1014.4,28.8,28.8,4355.0,68.0,0.0,0.0,0.0,0.0,0.0,4155,0,WRF 9 km (Europe),21
2026-08-10 14:00:00,11.4,13.6,155.0,1014.0,28.9,28.9,4390.0,68.0,0.0,0.0,0.0,0.0,0.0,4190,0,WRF 9 km (Europe),21
2026-08-10 15:00:00,11.4,13.2,155.0,1013.7,29.1,29.1,4405.0,67.0,0.0,0.0,0.0,0.0,0.0,4205,0,WRF 9 km (Europe),21
2026-08-10 16:00:00,10.5,12.8,156.0,1013.4,29.1,29.1,4410.0,67.0,0.0,0.0,0.0,0.0,0.0,4210,0,WRF 9 km (Europe),21
2026-08-10 17:00:00,9.7,11.9,156.0,1013.3,29.1,29.1,4435.0,69.0,0.0,0.0,0.0,0.0,0.0,4235,0,WRF 9 km (Europe),21
2026-08-10 18:00:00,8.7,10.7,156.0,1013.2,29.0,29.0,4449.0,70.0,0.0,0.0,0.0,0.0,0.0,4249,0,WRF 9 km (Europe),21
2026-08-10 19:00:00,8.0,10.2,162.0,1013.6,28.9,28.9,4439.0,72.0,19.0,0.0,19.0,0.0,0.0,4239,0,WRF 9 km (Europe),21
2026-08-10 20:00:00,7.1,9.3,172.0,1014.0,28.8,28.8,4438.0,73.0,43.0,0.0,43.0,0.0,0.0,4238,0,WRF 9 km (Europe),21
2026-08-10 21:00:00,4.0,5.1,202.0,1014.2,28.4,28.4,4428.0,74.0,56.0,0.0,56.0,0.0,0.0,4228,0,WRF 9 km (Europe),21
2026-08-10 22:00:00,4.1,4.4,327.0,1014.7,27.6,27.6,4430.0,74.0,82.0,0.0,82.0,0.0,0.0,4230,0,WRF 9 km (Europe),21
2026-08-10 23:00:00,3.8,3.9,7.0,1014.7,27.5,27.5,4449.0,72.0,88.0,0.0,88.0,0.0,0.0,4249,0,WRF 9 km (Europe),21
2026-08-11 00:00:00,5.2,5.2,11.0,1014.3,26.7,26.7,4482.0,78.0,29.0,0.0,28.0,13.0,0.0,4282,0,WRF 9 km (Europe),21
2026-08-11 01:00:00,4.1,4.1,19.0,1014.1,26.5,26.5,4415.0,77.0,17.0,0.0,0.0,17.0,0.0,4215,0,WRF 9 km (Europe),21
2026-08-11 02:00:00,4.5,4.6,29.0,1014.1,26.3,26.3,4356.0,78.0,10.0,0.0,0.0,10.0,0.0,4156,0,WRF 9 km (Europe),21
2026-08-11 03:00:00,5.1,5.2,42.0,1014.0,26.0,26.0,4327.0,78.0,0.0,0.0,0.0,0.0,0.0,4127,0,WRF 9 km (Europe),21
2026-08-11 04:00:00,5.2,5.5,46.0,1014.2,25.9,25.9,4292.0,78.0,0.0,0.0,0.0,0.0,0.0,4092,0,WRF 9 km (Europe),21
2026-08-11 05:00:00,5.3,5.8,39.0,1014.5,25.8,25.8,4261.0,75.0,0.0,0.0,0.0,0.0,0.0,4061,0,WRF 9 km (Europe),21
2026-08-11 06:00:00,5.5,6.1,30.0,1014.9,26.5,26.5,4212.0,66.0,1.0,0.0,0.0,1.0,0.0,4012,0,WRF 9 km (Europe),21
2026-08-11 07:00:00,5.4,6.8,30.0,1015.4,28.1,28.1,4198.0,56.0,15.0,0.0,0.0,15.0,0.0,3998,0,WRF 9 km (Europe),21
2026-08-11 08:00:00,3.1,4.2,63.0,1015.7,29.1,29.1,4213.0,57.0,21.0,0.0,0.0,21.0,0.0,4013,0,WRF 9 km (Europe),21
2026-08-11 09:00:00,4.0,4.2,145.0,1015.9,29.3,29.3,4236.0,59.0,9.0,0.0,0.0,9.0,0.0,4036,0,WRF 9 km (Europe),21
2026-08-11 10:00:00,5.5,5.6,166.0,1015.9,29.2,29.2,4272.0,63.0,0.0,0.0,0.0,0.0,0.0,4072,0,WRF 9 km (Europe),21
2026-08-11 11:00:00,6.5,6.6,169.0,1015.8,29.1,29.1,4302.0,65.0,0.0,0.0,0.0,0.0,0.0,4102,0,WRF 9 km (Europe),21
2026-08-11 12:00:00,7.4,7.5,161.0,1015.4,29.3,29.3,4373.0,67.0,0.0,0.0,0.0,0.0,0.0,4173,0,WRF 9 km (Europe),21
2026-08-11 13:00:00,7.2,7.2,145.0,1015.0,29.6,29.6,4377.0,67.0,2.0,0.0,0.0,2.0,0.0,4177,0,WRF 9 km (Europe),21
2026-08-11 14:00:00,6.4,7.8,93.0,1014.7,30.2,30.2,4407.0,64.0,24.0,0.0,19.0,17.0,0.0,4207,0,WRF 9 km (Europe),21
2026-08-11 15:00:00,5.8,6.9,54.0,1014.6,30.5,30.5,4414.0,64.0,78.0,0.0,78.0,31.0,0.0,4214,0,WRF 9 km (Europe),21
2026-08-11 16:00:00,3.7,4.8,44.0,1014.6,30.9,30.9,4403.0,60.0,74.0,0.0,74.0,16.0,0.0,4203,0,WRF 9 km (Europe),21
2026-08-11 17:00:00,5.0,6.1,47.0,1014.7,30.9,30.9,4401.0,59.0,44.0,0.0,44.0,4.0,0.0,4201,0,WRF 9 km (Europe),21
2026-08-11 18:00:00,6.1,7.2,51.0,1015.3,30.7,30.7,4371.0,61.0,43.0,0.0,43.0,9.0,0.0,4171,0,WRF 9 km (Europe),21
2026-08-11 19:00:00,5.3,7.7,55.0,1016.2,29.8,29.8,4365.0,67.0,73.0,0.0,73.0,8.0,0.0,4165,0,WRF 9 km (Europe),21
2026-08-11 20:00:00,5.9,9.4,27.0,1016.8,29.3,29.3,4328.0,66.0,86.0,0.0,86.0,2.0,0.0,4128,0,WRF 9 km (Europe),21
2026-08-11 21:00:00,8.9,14.4,33.0,1017.0,28.9,28.9,4339.0,62.0,88.0,0.0,88.0,2.0,0.0,4139,0,WRF 9 km (Europe),21
2026-08-11 22:00:00,9.3,16.3,38.0,1017.2,28.2,28.2,4365.0,65.0,83.0,0.0,83.0,4.0,0.0,4165,0,WRF 9 km (Europe),21
2026-08-11 23:00:00,10.3,20.5,42.0,1017.5,27.8,27.8,4367.0,66.0,69.0,0.0,69.0,19.0,3.0,4167,0,WRF 9 km (Europe),21
2026-08-12 00:00:00,12.5,19.6,53.0,1017.3,28.0,28.0,4308.0,64.0,89.0,0.0,73.0,89.0,0.0,4108,0,WRF 9 km (Europe),21
2026-08-12 01:00:00,13.3,22.4,53.0,1017.6,27.7,27.7,4291.0,64.0,94.0,0.0,94.0,80.0,0.0,4091,0,WRF 9 km (Europe),21
2026-08-12 02:00:00,13.8,22.2,51.0,1017.8,27.3,27.3,4265.0,64.0,95.0,0.0,95.0,66.0,0.0,4065,0,WRF 9 km (Europe),21
2026-08-12 03:00:00,13.7,20.5,41.0,1018.3,27.0,27.0,4247.0,61.0,87.0,0.0,87.0,84.0,0.0,4047,0,WRF 9 km (Europe),21
2026-08-12 04:00:00,15.0,22.2,37.0,1018.8,26.7,26.7,4260.0,57.0,99.0,0.0,68.0,99.0,0.0,4060,0,WRF 9 km (Europe),21
2026-08-12 05:00:00,15.7,23.1,41.0,1019.5,26.4,26.4,4238.0,55.0,100.0,0.0,62.0,100.0,0.0,4038,0,WRF 9 km (Europe),21
2026-08-12 06:00:00,15.4,21.3,47.0,1020.2,26.3,26.3,4226.0,55.0,100.0,0.0,72.0,100.0,0.0,4026,0,WRF 9 km (Europe),21
2026-08-12 07:00:00,14.7,18.8,47.0,1020.7,26.7,26.7,4203.0,53.0,100.0,0.0,74.0,100.0,0.0,4003,0,WRF 9 km (Europe),21
2026-08-12 08:00:00,13.0,16.7,51.0,1020.7,27.7,27.7,4193.0,51.0,82.0,0.0,64.0,82.0,0.0,3993,0,WRF 9 km (Europe),21
2026-08-12 09:00:00,11.7,14.8,61.0,1020.6,28.9,28.9,4188.0,48.0,55.0,0.0,55.0,50.0,0.0,3988,0,WRF 9 km (Europe),21
2026-08-12 10:00:00,10.7,12.9,81.0,1020.4,29.6,29.6,4193.0,50.0,51.0,0.0,48.0,46.0,0.0,3993,0,WRF 9 km (Europe),21
2026-08-12 11:00:00,11.0,12.5,103.0,1020.3,29.6,29.6,4229.0,53.0,51.0,0.0,51.0,31.0,0.0,4029,0,WRF 9 km (Europe),21
2026-08-12 12:00:00,11.0,12.3,115.0,1020.0,29.5,29.5,4270.0,55.0,50.0,0.0,50.0,13.0,0.0,4070,0,WRF 9 km (Europe),21
2026-08-12 13:00:00,10.1,11.2,124.0,1019.6,29.6,29.6,4312.0,56.0,31.0,0.0,31.0,5.0,0.0,4112,0,WRF 9 km (Europe),21
2026-08-12 14:00:00,9.0,10.1,132.0,1019.5,29.6,29.6,4348.0,57.0,7.0,0.0,7.0,0.0,0.0,4148,0,WRF 9 km (Europe),21
2026-08-12 15:00:00,7.6,8.6,138.0,1019.5,29.7,29.7,4366.0,58.0,0.0,0.0,0.0,0.0,0.0,4166,0,WRF 9 km (Europe),21
2026-08-12 16:00:00,6.3,7.2,144.0,1019.5,29.6,29.6,4377.0,60.0,0.0,0.0,0.0,0.0,0.0,4177,0,WRF 9 km (Europe),21
2026-08-12 17:00:00,5.3,6.0,147.0,1019.5,29.5,29.5,4367.0,62.0,0.0,0.0,0.0,0.0,0.0,4167,0,WRF 9 km (Europe),21
2026-08-12 18:00:00,4.7,5.5,139.0,1019.7,29.4,29.4,4353.0,65.0,78.0,0.0,78.0,0.0,0.0,4153,0,WRF 9 km (Europe),21
2026-08-12 19:00:00,4.4,8.4,105.0,1020.2,29.3,29.3,4335.0,67.0,89.0,0.0,89.0,0.0,0.0,4135,0,WRF 9 km (Europe),21
2026-08-12 20:00:00,7.8,16.3,63.0,1020.5,29.3,29.3,4375.0,61.0,89.0,0.0,89.0,0.0,0.0,4175,0,WRF 9 km (Europe),21
2026-08-12 21:00:00,10.0,17.4,52.0,1020.6,28.2,28.2,4431.0,64.0,74.0,0.0,74.0,0.0,0.0,4231,0,WRF 9 km (Europe),21
2026-08-12 22:00:00,10.8,15.9,67.0,1020.7,27.9,27.9,4411.0,66.0,55.0,0.0,55.0,3.0,0.0,4211,0,WRF 9 km (Europe),21
2026-08-12 23:00:00,9.7,13.0,62.0,1020.9,27.4,27.4,4367.0,63.0,17.0,0.0,10.0,12.0,0.0,4167,0,WRF 9 km (Europe),21
2026-08-13 00:00:00,10.9,14.3,43.0,1020.8,26.1,26.1,4226.0,61.0,34.0,0.0,0.0,34.0,0.0,4026,0,WRF 9 km (Europe),21
2026-08-13 01:00:00,11.1,14.9,42.0,1020.7,25.7,25.7,4227.0,59.0,47.0,0.0,0.0,47.0,0.0,4027,0,WRF 9 km (Europe),21
2026-08-13 02:00:00,11.5,15.1,40.0,1020.8,25.5,25.5,4245.0,58.0,52.0,0.0,0.0,52.0,0.0,4045,0,WRF 9 km (Europe),21
2026-08-13 03:00:00,12.2,15.7,38.0,1021.0,25.3,25.3,4268.0,56.0,54.0,0.0,0.0,54.0,2.0,4068,0,WRF 9 km (Europe),21
2026-08-13 04:00:00,12.9,16.9,39.0,1021.2,25.1,25.1,4327.0,53.0,50.0,0.0,0.0,50.0,0.0,4127,0,WRF 9 km (Europe),21
2026-08-13 05:00:00,12.8,16.2,43.0,1021.5,24.9,24.9,4397.0,51.0,42.0,0.0,0.0,42.0,0.0,4197,0,WRF 9 km (Europe),21
2026-08-13 06:00:00,11.5,14.0,48.0,1021.9,25.3,25.3,4443.0,49.0,40.0,0.0,0.0,40.0,0.0,4243,0,WRF 9 km (Europe),21
2026-08-13 07:00:00,9.8,10.9,51.0,1022.3,26.1,26.1,4450.0,46.0,32.0,0.0,1.0,32.0,0.0,4250,0,WRF 9 km (Europe),21
2026-08-13 08:00:00,8.0,8.7,58.0,1022.4,27.1,27.1,4450.0,43.0,8.0,0.0,8.0,1.0,0.0,4250,0,WRF 9 km (Europe),21
2026-08-13 09:00:00,6.6,7.4,76.0,1022.2,28.1,28.1,4461.0,41.0,6.0,0.0,6.0,0.0,0.0,4261,0,WRF 9 km (Europe),21
2026-08-13 10:00:00,6.3,6.6,106.0,1022.0,28.7,28.7,4477.0,41.0,0.0,0.0,0.0,0.0,0.0,4277,0,WRF 9 km (Europe),21
2026-08-13 11:00:00,7.3,7.1,130.0,1021.7,28.8,28.8,4481.0,45.0,0.0,0.0,0.0,0.0,0.0,4281,0,WRF 9 km (Europe),21
2026-08-13 12:00:00,8.1,8.0,141.0,1021.3,28.8,28.8,4486.0,48.0,3.0,0.0,3.0,0.0,0.0,4286,0,WRF 9 km (Europe),21
2026-08-13 13:00:00,8.2,8.2,147.0,1021.0,28.9,28.9,4492.0,49.0,7.0,0.0,7.0,0.0,0.0,4292,0,WRF 9 km (Europe),21
2026-08-13 14:00:00,7.5,7.8,148.0,1020.7,29.1,29.1,4498.0,48.0,5.0,0.0,5.0,0.0,0.0,4298,0,WRF 9 km (Europe),21
2026-08-13 15:00:00,7.0,7.6,143.0,1020.2,29.2,29.2,4498.0,48.0,3.0,0.0,3.0,0.0,0.0,4298,0,WRF 9 km (Europe),21
2026-08-13 16:00:00,6.7,7.3,137.0,1019.7,29.3,29.3,4504.0,49.0,0.0,0.0,0.0,0.0,0.0,4304,0,WRF 9 km (Europe),21
2026-08-13 17:00:00,6.6,7.2,128.0,1019.4,29.3,29.3,4504.0,50.0,0.0,0.0,0.0,0.0,0.0,4304,0,WRF 9 km (Europe),21
2026-08-13 18:00:00,6.8,7.7,122.0,1019.5,29.3,29.3,4497.0,50.0,8.0,0.0,3.0,8.0,0.0,4297,0,WRF 9 km (Europe),21
2026-08-13 19:00:00,6.4,10.7,120.0,1019.8,29.3,29.3,4497.0,51.0,52.0,0.0,52.0,22.0,0.0,4297,0,WRF 9 km (Europe),21
2026-08-13 20:00:00,6.4,13.5,95.0,1020.0,29.1,29.1,4491.0,55.0,50.0,0.0,50.0,34.0,0.0,4291,0,WRF 9 km (Europe),21
2026-08-13 21:00:00,7.5,11.6,59.0,1019.9,28.3,28.3,4459.0,61.0,42.0,0.0,0.0,42.0,0.0,4259,0,WRF 9 km (Europe),21
2026-08-13 22:00:00,8.9,13.2,68.0,1019.9,27.8,27.8,4442.0,61.0,31.0,0.0,0.0,31.0,0.0,4242,0,WRF 9 km (Europe),21
2026-08-13 23:00:00,10.7,13.8,89.0,1020.0,27.7,27.7,4432.0,58.0,4.0,0.0,0.0,4.0,0.0,4232,0,WRF 9 km (Europe),21
2026-08-14 00:00:00,9.6,12.0,59.0,1019.4,26.2,26.2,4396.0,61.0,20.0,0.0,0.0,20.0,0.0,4196,0,WRF 9 km (Europe),21
2026-08-14 01:00:00,9.8,12.1,47.0,1019.4,25.4,25.4,4376.0,61.0,18.0,0.0,0.0,18.0,0.0,4176,0,WRF 9 km (Europe),21
2026-08-14 02:00:00,10.0,12.4,42.0,1019.3,25.0,25.0,4364.0,59.0,20.0,0.0,0.0,20.0,0.0,4164,0,WRF 9 km (Europe),21
2026-08-14 03:00:00,10.1,12.5,42.0,1019.1,24.8,24.8,4353.0,58.0,17.0,0.0,0.0,17.0,0.0,4153,0,WRF 9 km (Europe),21
2026-08-14 04:00:00,10.1,12.6,43.0,1019.2,24.5,24.5,4349.0,57.0,13.0,0.0,0.0,13.0,0.0,4149,0,WRF 9 km (Europe),21
2026-08-14 05:00:00,9.9,12.4,45.0,1019.4,24.5,24.5,4345.0,56.0,8.0,0.0,0.0,8.0,0.0,4145,0,WRF 9 km (Europe),21
2026-08-14 06:00:00,9.2,13.4,49.0,1019.6,25.1,25.1,4338.0,52.0,0.0,0.0,0.0,0.0,0.0,4138,0,WRF 9 km (Europe),21
2026-08-14 07:00:00,8.7,9.9,58.0,1019.9,26.3,26.3,4339.0,45.0,0.0,0.0,0.0,0.0,0.0,4139,0,WRF 9 km (Europe),21
2026-08-14 08:00:00,7.0,7.1,73.0,1020.0,27.2,27.2,4352.0,41.0,0.0,0.0,0.0,0.0,0.0,4152,0,WRF 9 km (Europe),21
2026-08-14 09:00:00,5.9,5.8,103.0,1019.9,27.7,27.7,4372.0,40.0,0.0,0.0,0.0,0.0,0.0,4172,0,WRF 9 km (Europe),21
2026-08-14 10:00:00,6.6,5.8,133.0,1019.5,27.8,27.8,4392.0,43.0,0.0,0.0,0.0,0.0,0.0,4192,0,WRF 9 km (Europe),21
2026-08-14 11:00:00,7.6,7.0,150.0,1019.1,27.8,27.8,4409.0,46.0,0.0,0.0,0.0,0.0,0.0,4209,0,WRF 9 km (Europe),21
2026-08-14 12:00:00,8.0,7.7,158.0,1018.6,28.0,28.0,4415.0,46.0,0.0,0.0,0.0,0.0,0.0,4215,0,WRF 9 km (Europe),21
2026-08-14 13:00:00,7.9,7.9,161.0,1018.1,28.2,28.2,4425.0,45.0,0.0,0.0,0.0,0.0,0.0,4225,0,WRF 9 km (Europe),21
2026-08-14 14:00:00,7.5,7.7,159.0,1017.6,28.5,28.5,4440.0,43.0,0.0,0.0,0.0,0.0,0.0,4240,0,WRF 9 km (Europe),21
2026-08-14 15:00:00,6.8,7.2,155.0,1017.2,28.8,28.8,4441.0,43.0,0.0,0.0,0.0,0.0,0.0,4241,0,WRF 9 km (Europe),21
2026-08-14 16:00:00,6.2,6.6,150.0,1016.8,29.1,29.1,4433.0,43.0,0.0,0.0,0.0,0.0,0.0,4233,0,WRF 9 km (Europe),21
2026-08-14 17:00:00,5.8,6.3,143.0,1016.4,29.2,29.2,4413.0,43.0,0.0,0.0,0.0,0.0,0.0,4213,0,WRF 9 km (Europe),21
2026-08-14 18:00:00,5.6,5.9,142.0,1016.3,29.1,29.1,4378.0,44.0,0.0,0.0,0.0,0.0,0.0,4178,0,WRF 9 km (Europe),21
2026-08-14 19:00:00,5.6,6.5,140.0,1016.2,29.0,29.0,4353.0,46.0,0.0,0.0,0.0,0.0,0.0,4153,0,WRF 9 km (Europe),21
2026-08-14 20:00:00,5.7,6.4,136.0,1016.4,28.9,28.9,4352.0,49.0,2.0,0.0,0.0,2.0,0.0,4152,0,WRF 9 km (Europe),21
2026-08-14 21:00:00,5.1,5.4,124.0,1016.5,28.8,28.8,4342.0,50.0,11.0,0.0,0.0,11.0,0.0,4142,0,WRF 9 km (Europe),21
2026-08-14 22:00:00,5.0,5.8,54.0,1016.4,27.8,27.8,4341.0,52.0,20.0,0.0,0.0,20.0,0.0,4141,0,WRF 9 km (Europe),21
2026-08-14 23:00:00,6.8,7.5,30.0,1016.3,26.0,26.0,4329.0,57.0,15.0,0.0,0.0,15.0,0.0,4129,0,WRF 9 km (Europe),21
2026-08-15 00:00:00,6.7,7.6,32.0,1015.8,24.4,24.4,4302.0,61.0,1.0,0.0,0.0,1.0,0.0,4102,0,WRF 9 km (Europe),21
2026-08-15 01:00:00,6.5,6.7,32.0,1015.5,24.1,24.1,4291.0,65.0,0.0,0.0,0.0,0.0,0.0,4091,0,WRF 9 km (Europe),21
2026-08-15 02:00:00,7.0,7.3,27.0,1015.4,23.9,23.9,4262.0,66.0,0.0,0.0,0.0,0.0,0.0,4062,0,WRF 9 km (Europe),21
2026-08-15 03:00:00,7.6,8.0,38.0,1015.1,23.9,23.9,4235.0,65.0,0.0,0.0,0.0,0.0,0.0,4035,0,WRF 9 km (Europe),21
2026-08-15 04:00:00,7.9,8.7,46.0,1014.9,24.0,24.0,4226.0,64.0,0.0,0.0,0.0,0.0,0.0,4026,0,WRF 9 km (Europe),21
2026-08-15 05:00:00,7.7,8.5,45.0,1015.2,24.0,24.0,4233.0,63.0,0.0,0.0,0.0,0.0,0.0,4033,0,WRF 9 km (Europe),21
2026-08-15 06:00:00,6.8,7.4,44.0,1015.5,24.7,24.7,4252.0,59.0,0.0,0.0,0.0,0.0,0.0,4052,0,WRF 9 km (Europe),21
2026-08-15 07:00:00,5.5,6.2,48.0,1015.7,26.0,26.0,4262.0,52.0,0.0,0.0,0.0,0.0,0.0,4062,0,WRF 9 km (Europe),21
2026-08-15 08:00:00,3.6,4.2,72.0,1015.8,27.2,27.2,4272.0,47.0,0.0,0.0,0.0,0.0,0.0,4072,0,WRF 9 km (Europe),21
2026-08-15 09:00:00,3.4,3.1,131.0,1016.1,27.8,27.8,4282.0,46.0,0.0,0.0,0.0,0.0,0.0,4082,0,WRF 9 km (Europe),21
2026-08-15 10:00:00,5.3,4.8,152.0,1016.1,28.1,28.1,4292.0,48.0,0.0,0.0,0.0,0.0,0.0,4092,0,WRF 9 km (Europe),21
2026-08-15 11:00:00,6.9,6.5,153.0,1015.8,28.1,28.1,4289.0,50.0,0.0,0.0,0.0,0.0,0.0,4089,0,WRF 9 km (Europe),21
2026-08-15 12:00:00,8.0,8.0,152.0,1015.3,28.2,28.2,4282.0,52.0,0.0,0.0,0.0,0.0,0.0,4082,0,WRF 9 km (Europe),21
2026-08-15 13:00:00,8.9,9.3,148.0,1015.0,28.4,28.4,4288.0,52.0,0.0,0.0,0.0,0.0,0.0,4088,0,WRF 9 km (Europe),21
2026-08-15 14:00:00,9.9,10.6,144.0,1014.6,28.6,28.6,4304.0,52.0,1.0,0.0,1.0,0.0,0.0,4104,0,WRF 9 km (Europe),21
2026-08-15 15:00:00,10.3,11.1,148.0,1014.2,28.8,28.8,4314.0,52.0,7.0,0.0,7.0,0.0,0.0,4114,0,WRF 9 km (Europe),21
2026-08-15 16:00:00,10.0,10.9,153.0,1013.8,28.9,28.9,4322.0,52.0,2.0,0.0,2.0,0.0,0.0,4122,0,WRF 9 km (Europe),21
2026-08-15 17:00:00,9.0,10.1,158.0,1013.7,29.0,29.0,4298.0,52.0,0.0,0.0,0.0,0.0,0.0,4098,0,WRF 9 km (Europe),21
2026-08-15 18:00:00,8.3,9.2,155.0,1013.8,28.9,28.9,4267.0,54.0,0.0,0.0,0.0,0.0,0.0,4067,0,WRF 9 km (Europe),21
2026-08-15 19:00:00,8.0,9.4,154.0,1014.0,28.8,28.8,4233.0,56.0,24.0,0.0,24.0,0.0,0.0,4033,0,WRF 9 km (Europe),21
2026-08-15 20:00:00,7.4,8.4,164.0,1014.2,28.6,28.6,4208.0,59.0,80.0,0.0,80.0,0.0,0.0,4008,0,WRF 9 km (Europe),21
2026-08-15 21:00:00,5.9,6.5,176.0,1014.3,28.3,28.3,4214.0,61.0,67.0,0.0,67.0,0.0,0.0,4014,0,WRF 9 km (Europe),21
2026-08-15 22:00:00,1.4,2.8,280.0,1014.7,27.3,27.3,4216.0,63.0,63.0,0.0,63.0,0.0,0.0,4016,0,WRF 9 km (Europe),21
2026-08-15 23:00:00,1.3,1.7,320.0,1014.6,26.7,26.7,4253.0,66.0,55.0,0.0,55.0,0.0,0.0,4053,0,WRF 9 km (Europe),21
