,time_measured,wind_speed_measured,wind_gust_measured,wind_direction_measured,wind_direction_degree_measured
0,2024-09-01 00:00:01,1.8,3.5,NW,326
1,2024-09-01 00:05:01,1.8,2.5,NW,326
2,2024-09-01 00:10:00,1.8,3.5,NNW,330
3,2024-09-01 00:15:01,1.8,3.5,NNW,335
4,2024-09-01 00:20:01,0.8,2.5,NNW,336
5,2024-09-01 00:25:01,0.0,0.8,NNW,336
6,2024-09-01 00:30:01,0.0,0.0,NNW,336
7,2024-09-01 00:35:01,0.0,0.0,NNW,334
8,2024-09-01 00:40:00,0.0,0.0,NNW,329
9,2024-09-01 00:45:00,0.0,0.0,NW,326
10,2024-09-01 00:50:01,0.0,0.0,NW,325
11,2024-09-01 00:55:00,0.0,0.0,NW,325
12,2024-09-01 01:00:00,0.0,0.0,NW,325
13,2024-09-01 01:05:00,0.0,0.0,NW,325
14,2024-09-01 01:10:00,0.0,0.0,NW,325
15,2024-09-01 01:15:00,0.0,0.0,NW,326
16,2024-09-01 01:20:00,0.0,0.0,NNW,329
17,2024-09-01 01:25:00,0.0,0.0,NNW,344
18,2024-09-01 01:30:00,0.0,0.0,N,6
19,2024-09-01 01:35:00,0.0,0.0,N,0
20,2024-09-01 01:40:01,0.0,0.0,NNW,342
21,2024-09-01 01:45:01,0.8,3.5,NNW,338
22,2024-09-01 01:50:01,1.8,3.5,NNW,334
23,2024-09-01 01:55:00,2.5,3.5,NNW,336
24,2024-09-01 02:00:00,1.8,2.5,NNW,344
25,2024-09-01 02:05:00,1.8,3.5,NNW,346
26,2024-09-01 02:10:01,1.8,3.5,NNW,342
27,2024-09-01 02:15:01,0.8,2.5,NNW,338
28,2024-09-01 02:20:01,0.0,0.8,NNW,338
29,2024-09-01 02:25:01,0.0,0.8,NNW,342
30,2024-09-01 02:30:00,0.0,0.8,N,349
31,2024-09-01 02:35:01,0.0,0.8,N,358
32,2024-09-01 02:40:00,0.0,1.8,N,357
33,2024-09-01 02:45:01,0.8,2.5,N,6
34,2024-09-01 02:50:00,0.8,3.5,NNE,23
35,2024-09-01 02:55:00,0.8,3.5,NNE,33
36,2024-09-01 03:00:00,2.5,4.3,NE,40
37,2024-09-01 03:05:00,2.5,4.3,NE,42
38,2024-09-01 03:10:00,2.5,3.5,NE,35
39,2024-09-01 03:15:00,1.8,3.5,NNE,29
40,2024-09-01 03:20:00,0.8,3.5,NNE,30
41,2024-09-01 03:25:00,0.8,3.5,NNE,32
42,2024-09-01 03:30:00,0.0,3.5,NNE,30
43,2024-09-01 03:35:00,0.0,1.8,N,3
44,2024-09-01 03:40:00,0.8,2.5,NNW,332
45,2024-09-01 03:45:00,2.5,3.5,NNW,333
46,2024-09-01 03:50:00,2.5,3.5,NNW,336
47,2024-09-01 03:55:00,2.5,3.5,NNW,335
48,2024-09-01 04:00:01,2.5,3.5,NNW,335
49,2024-09-01 07:20:01,2.5,1.7,NNW,346
50,2024-09-01 07:25:02,0.0,1.7,NNW,346
51,2024-09-01 07:30:02,0.0,0.0,NNW,346
52,2024-09-01 07:35:02,0.0,0.0,NNW,346
53,2024-09-01 07:40:01,0.0,0.0,NNW,346
54,2024-09-01 07:45:01,0.0,0.0,NNW,346
55,2024-09-01 07:50:01,0.0,0.0,NNW,346
56,2024-09-01 07:55:01,0.0,0.0,N,3
57,2024-09-01 08:00:02,0.0,0.0,NE,36
58,2024-09-01 08:05:01,0.0,1.8,ENE,57
59,2024-09-01 08:10:02,0.8,1.8,ENE,58
60,2024-09-01 08:15:02,0.8,1.8,NE,54
61,2024-09-01 08:20:01,0.8,2.5,NNE,30
62,2024-09-01 08:25:01,1.8,4.3,N,356
63,2024-09-01 08:30:01,3.5,4.3,NNW,346
64,2024-09-01 08:35:01,3.5,4.3,N,349
65,2024-09-01 08:40:01,2.5,4.3,N,357
66,2024-09-01 08:45:01,2.5,3.5,N,7
67,2024-09-01 08:50:01,2.5,4.3,N,6
68,2024-09-01 08:55:00,3.5,7.0,N,1
69,2024-09-01 09:00:00,4.3,7.0,N,354
70,2024-09-01 09:05:02,3.5,5.2,N,352
71,2024-09-01 09:10:00,3.5,6.1,NNW,348
72,2024-09-01 09:15:01,4.3,6.1,N,351
73,2024-09-01 09:20:02,3.5,6.0,N,6
74,2024-09-01 09:25:01,2.5,4.3,NNE,20
75,2024-09-01 09:30:01,2.5,4.3,NNE,29
76,2024-09-01 09:35:01,2.5,5.2,NNE,33
77,2024-09-01 09:40:01,3.5,7.0,NE,35
78,2024-09-01 09:45:02,4.3,8.7,NE,35
79,2024-09-01 09:50:01,4.3,9.5,NE,40
80,2024-09-01 09:55:01,4.3,9.5,NE,43
81,2024-09-01 10:00:01,4.3,7.8,NE,44
82,2024-09-01 10:05:00,4.3,7.8,NE,43
83,2024-09-01 10:10:01,3.5,7.0,NE,38
84,2024-09-01 10:15:01,3.5,7.0,NE,38
85,2024-09-01 10:20:00,2.5,7.0,NE,44
86,2024-09-01 10:25:01,2.5,7.0,NE,37
87,2024-09-01 10:30:01,3.5,5.2,NNE,29
88,2024-09-01 10:35:00,2.5,4.3,NE,34
89,2024-09-01 10:40:01,1.8,4.3,NNE,32
90,2024-09-01 10:45:00,1.8,4.3,NNE,26
91,2024-09-01 10:50:01,1.8,3.5,NE,39
92,2024-09-01 10:55:02,1.8,3.5,ENE,58
93,2024-09-01 11:00:02,1.8,3.5,ENE,69
94,2024-09-01 11:05:01,1.8,3.5,ENE,78
95,2024-09-01 11:10:02,1.8,3.5,E,88
96,2024-09-01 11:15:02,2.5,5.2,E,100
97,2024-09-01 11:20:02,3.5,6.1,E,100
98,2024-09-01 11:25:02,4.3,6.1,E,95
99,2024-09-01 11:30:01,5.2,6.0,E,92
100,2024-09-01 11:35:02,4.3,6.0,E,90
101,2024-09-01 11:40:00,3.5,6.0,E,92
102,2024-09-01 11:45:01,4.3,6.0,E,95
103,2024-09-01 11:50:00,4.3,6.0,E,101
104,2024-09-01 11:55:01,5.2,6.0,ESE,107
105,2024-09-01 12:00:01,5.2,6.0,ESE,108
106,2024-09-01 12:05:00,5.2,6.0,ESE,109
107,2024-09-01 12:10:00,5.2,6.0,ESE,113
108,2024-09-01 12:15:00,5.2,6.0,ESE,117
109,2024-09-01 12:20:01,4.3,6.0,ESE,117
110,2024-09-01 12:25:01,4.3,6.0,ESE,117
111,2024-09-01 12:30:02,4.3,6.0,ESE,119
112,2024-09-01 12:35:01,4.3,6.0,ESE,120
113,2024-09-01 12:40:02,4.3,6.0,ESE,119
114,2024-09-01 12:45:01,5.2,6.0,ESE,118
115,2024-09-01 12:50:02,5.2,6.0,ESE,119
116,2024-09-01 12:55:01,4.3,6.0,SE,124
117,2024-09-01 13:00:02,3.5,5.2,SE,126
118,2024-09-01 13:05:02,3.5,5.2,SE,128
119,2024-09-01 13:10:02,3.5,5.2,SE,134
120,2024-09-01 13:15:00,4.3,5.2,SE,135
121,2024-09-01 13:20:01,3.5,5.2,SE,136
122,2024-09-01 13:25:01,3.5,5.2,SE,139
123,2024-09-01 13:30:01,3.5,5.2,SE,142
124,2024-09-01 13:35:01,3.5,5.2,SE,144
125,2024-09-01 13:40:01,3.5,4.3,SE,144
126,2024-09-01 13:45:01,3.5,4.3,SE,141
127,2024-09-01 13:50:00,2.5,4.3,SE,139
128,2024-09-01 13:55:01,2.5,3.5,SE,140
129,2024-09-01 14:00:01,2.5,4.3,SE,139
130,2024-09-01 14:05:02,3.5,7.0,SSE,151
131,2024-09-01 14:10:01,5.2,7.8,SSE,165
132,2024-09-01 14:15:01,6.0,7.8,S,169
133,2024-09-01 14:20:01,5.2,7.0,S,171
134,2024-09-01 14:25:02,4.3,7.0,S,177
135,2024-09-01 14:30:02,4.3,7.0,S,185
136,2024-09-01 14:35:01,4.3,6.0,S,188
137,2024-09-01 14:40:00,5.2,7.0,S,185
138,2024-09-01 14:45:00,6.0,7.8,S,180
139,2024-09-01 14:50:00,7.0,8.7,S,177
140,2024-09-01 14:55:00,7.0,8.7,S,178
141,2024-09-01 15:00:00,7.0,9.5,S,179
142,2024-09-01 15:05:01,7.8,9.5,S,176
143,2024-09-01 15:10:00,7.0,8.7,S,181
144,2024-09-01 15:15:01,6.0,8.7,S,181
145,2024-09-01 15:20:01,7.0,9.6,S,177
146,2024-09-01 15:25:01,7.0,9.6,S,179
147,2024-09-01 15:30:01,6.0,9.5,S,190
148,2024-09-01 15:35:00,5.2,7.0,SSW,200
149,2024-09-01 15:40:01,5.2,7.0,SSW,203
150,2024-09-01 15:45:00,5.2,7.0,SSW,206
151,2024-09-01 15:50:00,5.2,7.0,SSW,206
152,2024-09-01 15:55:00,5.2,7.0,SSW,203
153,2024-09-01 16:00:00,5.2,7.0,SSW,201
154,2024-09-01 16:05:00,5.2,7.0,SSW,195
155,2024-09-01 16:10:00,5.2,6.0,SSW,192
156,2024-09-01 16:15:00,5.2,7.0,S,188
157,2024-09-01 16:20:00,5.2,7.0,S,186
158,2024-09-01 16:25:00,5.2,7.8,S,185
159,2024-09-01 16:30:00,5.2,7.8,S,181
160,2024-09-01 16:35:00,5.2,7.8,S,184
161,2024-09-01 16:40:00,6.0,7.0,S,184
162,2024-09-01 16:45:01,5.2,7.0,S,179
163,2024-09-01 16:50:00,5.2,7.0,S,182
164,2024-09-01 16:55:00,5.2,7.0,S,184
165,2024-09-01 17:00:00,5.2,7.8,S,182
166,2024-09-01 17:05:00,5.2,7.8,S,183
167,2024-09-01 17:10:00,5.2,7.0,S,179
168,2024-09-01 17:15:00,5.2,7.0,S,178
169,2024-09-01 17:20:00,4.3,6.0,S,183
170,2024-09-01 17:25:00,4.3,6.0,S,183
171,2024-09-01 17:30:00,4.3,6.0,S,182
172,2024-09-01 17:35:00,4.3,6.0,S,186
173,2024-09-01 17:40:00,4.3,6.1,S,186
174,2024-09-01 17:45:00,4.3,6.1,S,182
175,2024-09-01 17:50:00,4.3,6.0,S,179
176,2024-09-01 17:55:00,5.2,6.0,S,171
177,2024-09-01 18:00:00,5.2,6.0,SSE,166
178,2024-09-01 18:05:00,5.2,6.0,SSE,168
179,2024-09-01 18:10:01,4.3,6.1,S,171
180,2024-09-01 18:15:00,3.5,6.1,S,174
181,2024-09-01 18:20:00,3.5,4.3,S,178
182,2024-09-01 18:25:01,2.5,4.3,S,178
183,2024-09-01 18:30:01,3.5,4.3,S,175
184,2024-09-01 18:35:01,3.5,4.3,S,175
185,2024-09-01 18:40:01,2.5,4.3,S,176
186,2024-09-01 18:45:00,2.5,4.3,S,177
187,2024-09-01 18:50:00,2.5,4.3,S,176
188,2024-09-01 18:55:00,2.5,4.3,S,180
189,2024-09-01 19:00:00,2.5,3.5,S,191
190,2024-09-01 19:05:00,2.5,3.5,SSW,193
191,2024-09-01 19:10:00,2.5,4.3,S,185
192,2024-09-01 19:15:00,3.5,4.3,S,171
193,2024-09-01 19:20:00,3.5,4.3,SSE,166
194,2024-09-01 19:25:00,3.5,4.3,SSE,167
195,2024-09-01 19:30:00,3.5,4.3,S,173
196,2024-09-01 19:35:00,2.5,4.3,S,179
197,2024-09-01 19:40:00,3.5,4.3,S,179
198,2024-09-01 19:45:01,3.5,4.3,S,169
199,2024-09-01 19:50:01,2.5,4.3,SSE,158
200,2024-09-01 19:55:00,2.5,3.5,SSE,151
201,2024-09-01 20:00:01,2.5,3.5,SE,142
202,2024-09-01 20:05:01,3.5,5.2,SE,136
203,2024-09-01 20:10:01,3.5,5.2,SE,130
204,2024-09-01 20:15:00,4.3,5.2,ESE,121
205,2024-09-01 20:20:00,4.3,5.2,ESE,117
206,2024-09-01 20:25:00,4.3,5.2,ESE,118
207,2024-09-01 20:30:00,3.5,5.2,ESE,120
208,2024-09-01 20:35:00,3.5,5.2,SE,124
209,2024-09-01 20:40:00,4.3,6.1,SE,127
210,2024-09-01 20:45:01,3.5,6.1,SE,137
211,2024-09-01 20:50:01,3.5,5.2,SSE,147
212,2024-09-01 20:55:01,2.5,5.2,SSE,150
213,2024-09-01 21:00:02,2.5,3.5,SSE,154
214,2024-09-01 21:05:02,2.5,3.5,SSE,151
215,2024-09-01 21:10:02,1.8,3.5,SSE,148
216,2024-09-01 21:15:02,2.5,3.5,SSE,148
217,2024-09-01 21:20:00,2.5,3.5,SE,142
218,2024-09-01 21:25:00,1.8,2.5,SE,135
219,2024-09-01 21:30:01,0.8,1.8,SE,124
220,2024-09-01 21:35:00,0.0,0.0,ESE,102
221,2024-09-01 21:40:00,0.0,0.0,ENE,75
222,2024-09-01 21:45:00,0.0,0.0,ENE,61
223,2024-09-01 21:50:00,0.0,0.0,NE,47
224,2024-09-01 21:55:00,0.0,0.0,NW,310
225,2024-09-01 22:00:00,0.0,0.0,WNW,288
226,2024-09-01 22:05:01,0.0,0.0,WNW,288
227,2024-09-01 22:10:02,0.0,0.0,WNW,288
228,2024-09-01 22:15:02,0.0,0.0,WNW,289
229,2024-09-01 22:20:01,0.0,0.0,WNW,290
230,2024-09-01 22:25:02,0.0,0.0,WNW,290
231,2024-09-01 22:30:01,0.0,0.0,WNW,290
232,2024-09-01 22:35:02,0.0,0.0,WNW,290
233,2024-09-01 22:40:02,0.0,0.0,WNW,290
234,2024-09-01 22:45:02,0.0,0.0,WNW,301
235,2024-09-01 22:50:01,0.0,0.0,NW,321
236,2024-09-01 22:55:00,0.0,0.0,NNW,332
237,2024-09-01 23:00:00,0.0,0.0,NNW,332
238,2024-09-01 23:05:00,0.0,0.0,NNW,332
239,2024-09-01 23:10:01,0.0,0.0,NNW,332
240,2024-09-02 00:00:02,0.0,0.0,NW,321
241,2024-09-02 00:05:01,0.0,2.5,NW,323
242,2024-09-02 00:10:01,1.8,4.3,NNW,335
243,2024-09-02 00:15:01,2.5,4.3,N,352
244,2024-09-02 00:20:01,2.5,4.3,N,357
245,2024-09-02 00:25:01,2.5,4.3,N,358
246,2024-09-02 00:30:01,1.8,3.5,NNE,15
247,2024-09-02 00:35:01,0.8,3.5,NNE,26
248,2024-09-02 00:40:01,0.8,3.5,NNE,29
249,2024-09-02 00:45:01,0.8,3.5,NNE,33
250,2024-09-02 00:50:01,0.0,0.8,NE,34
251,2024-09-02 00:55:00,0.0,0.8,NE,35
252,2024-09-02 01:00:01,0.0,0.8,NE,37
253,2024-09-02 01:05:01,0.0,0.9,NE,41
254,2024-09-02 01:10:01,0.0,0.9,NE,41
255,2024-09-02 01:15:00,0.0,0.0,NE,40
256,2024-09-02 01:20:01,0.0,0.0,NE,41
257,2024-09-02 01:25:01,0.0,0.0,NE,40
258,2024-09-02 01:30:01,0.0,0.0,NE,40
259,2024-09-02 01:35:00,0.0,0.0,NE,38
260,2024-09-02 01:40:00,0.8,2.6,N,8
261,2024-09-02 01:45:00,1.8,2.6,NNW,340
262,2024-09-02 01:50:00,1.8,2.5,NNW,337
263,2024-09-02 01:55:01,1.8,2.5,NNW,335
264,2024-09-02 02:00:00,0.8,1.8,NNW,338
265,2024-09-02 02:05:00,0.0,0.8,NNW,340
266,2024-09-02 02:10:00,0.8,1.8,NNW,337
267,2024-09-02 02:15:01,1.8,2.5,NNW,332
268,2024-09-02 02:20:01,1.8,2.5,NNW,327
269,2024-09-02 02:25:01,1.8,2.5,NW,325
270,2024-09-02 02:30:01,1.8,2.5,NW,325
271,2024-09-02 02:35:00,1.8,2.5,NW,326
272,2024-09-02 02:40:01,2.5,2.5,NNW,328
273,2024-09-02 02:45:01,2.5,2.5,NNW,330
274,2024-09-02 02:50:00,2.5,3.5,NNW,332
275,2024-09-02 02:55:01,2.5,3.5,NNW,332
276,2024-09-02 03:00:00,2.5,3.5,NNW,333
277,2024-09-02 03:05:00,1.8,3.5,NNW,333
278,2024-09-02 03:10:00,0.8,2.5,NNW,331
279,2024-09-02 03:15:00,0.8,3.5,NNW,333
280,2024-09-02 03:20:00,1.8,3.5,NNW,334
281,2024-09-02 03:25:00,1.8,3.5,NNW,332
282,2024-09-02 03:30:00,2.5,4.3,NNW,333
283,2024-09-02 03:35:00,3.5,4.3,NNW,336
284,2024-09-02 03:40:00,2.5,4.3,NNW,337
285,2024-09-02 03:45:00,2.5,3.5,NNW,338
286,2024-09-02 03:50:01,1.8,2.5,NNW,339
287,2024-09-02 03:55:01,0.8,1.8,NNW,337
288,2024-09-02 04:00:00,0.0,1.8,NNW,344
289,2024-09-02 04:05:01,0.8,1.8,N,9
290,2024-09-02 04:10:00,0.8,1.8,NNE,25
291,2024-09-02 04:15:00,0.8,1.8,NNE,32
292,2024-09-02 04:20:00,0.8,1.7,NE,41
293,2024-09-02 04:25:02,0.8,1.7,NE,41
294,2024-09-02 07:25:00,0.8,3.5,NNW,347
295,2024-09-02 07:30:00,0.8,3.5,NNW,345
296,2024-09-02 07:35:00,2.5,4.3,NNW,348
297,2024-09-02 07:40:00,2.5,4.3,N,351
298,2024-09-02 07:45:00,2.5,4.3,N,351
299,2024-09-02 07:50:00,2.5,4.3,NNW,348
300,2024-09-02 07:55:00,3.5,6.0,NNW,345
301,2024-09-02 08:00:00,3.5,6.0,NNW,346
302,2024-09-02 08:05:00,3.5,5.2,NNW,345
303,2024-09-02 08:10:00,4.3,5.2,NNW,343
304,2024-09-02 08:15:00,4.3,6.0,N,351
305,2024-09-02 08:20:00,3.5,6.0,N,357
306,2024-09-02 08:25:02,3.5,6.0,N,359
307,2024-09-02 08:30:01,3.5,6.0,N,6
308,2024-09-02 08:35:02,2.5,5.2,NNE,19
309,2024-09-02 08:40:01,2.5,5.2,NNE,22
310,2024-09-02 08:45:02,3.5,4.3,NNE,16
311,2024-09-02 08:50:02,2.5,4.3,NNE,18
312,2024-09-02 08:55:02,2.5,4.3,NNE,18
313,2024-09-02 09:00:01,2.5,4.3,NNE,22
314,2024-09-02 09:05:02,2.5,4.3,NNE,31
315,2024-09-02 09:10:01,2.5,5.2,NE,34
316,2024-09-02 09:15:02,2.5,5.2,NE,36
317,2024-09-02 09:20:00,2.5,4.3,NE,35
318,2024-09-02 09:25:00,2.5,4.3,NE,34
319,2024-09-02 09:30:00,2.5,4.3,NE,35
320,2024-09-02 09:35:01,3.5,4.3,NNE,32
321,2024-09-02 09:40:01,2.5,5.2,NE,43
322,2024-09-02 09:45:00,3.5,6.0,NE,56
323,2024-09-02 09:50:00,3.5,7.8,ENE,58
324,2024-09-02 09:55:01,3.5,7.8,ENE,58
325,2024-09-02 10:00:01,3.5,7.8,ENE,58
326,2024-09-02 10:05:02,4.3,7.0,NE,56
327,2024-09-02 10:10:01,3.5,7.0,NE,49
328,2024-09-02 10:15:01,2.5,4.3,NE,47
329,2024-09-02 10:20:00,2.5,5.2,NE,49
330,2024-09-02 10:25:01,3.5,5.2,NE,48
331,2024-09-02 10:30:01,3.5,5.2,NE,48
332,2024-09-02 10:35:01,2.5,4.3,NE,52
333,2024-09-02 10:40:01,2.5,5.2,NE,55
334,2024-09-02 10:45:02,2.5,5.2,ENE,58
335,2024-09-02 10:50:01,2.5,4.3,ENE,70
336,2024-09-02 10:55:02,2.5,4.3,ENE,77
337,2024-09-02 11:00:02,1.8,4.3,E,81
338,2024-09-02 11:05:02,0.0,1.8,E,90
339,2024-09-02 11:10:02,0.0,2.5,E,97
340,2024-09-02 11:15:02,0.8,2.5,E,101
341,2024-09-02 11:20:01,1.8,2.5,ESE,110
342,2024-09-02 11:25:02,1.8,2.5,ESE,122
343,2024-09-02 11:30:00,1.8,2.5,SE,134
344,2024-09-02 11:35:01,2.5,2.5,SE,139
345,2024-09-02 11:40:00,2.5,3.5,SE,138
346,2024-09-02 11:45:01,2.5,3.5,SE,140
347,2024-09-02 11:50:00,2.5,3.5,SE,141
348,2024-09-02 11:55:00,2.5,3.5,SE,142
349,2024-09-02 12:00:00,2.5,4.3,SE,144
350,2024-09-02 12:05:02,2.5,4.3,SE,144
351,2024-09-02 12:10:02,3.5,3.5,SE,141
352,2024-09-02 12:15:00,3.5,3.5,SE,140
353,2024-09-02 12:20:01,3.5,4.3,SE,139
354,2024-09-02 12:25:01,3.5,4.3,SE,137
355,2024-09-02 12:30:01,3.5,4.3,SE,137
356,2024-09-02 12:35:01,3.5,4.3,SE,137
357,2024-09-02 12:40:01,3.5,5.2,SE,136
358,2024-09-02 12:45:01,3.5,5.2,SE,134
359,2024-09-02 12:50:00,3.5,5.2,SE,135
360,2024-09-02 12:55:00,3.5,5.2,SE,132
361,2024-09-02 13:00:01,3.5,5.2,SE,124
362,2024-09-02 13:05:02,2.5,5.2,ESE,119
363,2024-09-02 13:10:02,1.8,5.2,ESE,122
364,2024-09-02 13:15:02,1.8,5.2,SE,130
365,2024-09-02 13:20:02,2.5,3.5,SE,135
366,2024-09-02 13:25:01,1.8,2.5,SE,132
367,2024-09-02 13:30:01,1.8,3.5,SE,134
368,2024-09-02 13:35:01,2.5,4.3,SE,146
369,2024-09-02 13:40:01,3.5,5.2,SSE,164
370,2024-09-02 13:45:01,4.3,7.0,S,175
371,2024-09-02 13:50:00,4.3,7.0,S,178
372,2024-09-02 13:55:01,5.2,7.8,S,178
373,2024-09-02 14:00:00,6.0,7.8,S,177
374,2024-09-02 14:05:00,6.0,8.7,S,174
375,2024-09-02 14:10:01,7.8,9.6,S,174
376,2024-09-02 14:15:01,7.0,9.6,S,174
377,2024-09-02 14:20:01,7.8,10.5,S,169
378,2024-09-02 14:25:00,8.7,10.5,SSE,167
379,2024-09-02 14:30:01,8.7,12.2,SSE,168
380,2024-09-02 14:35:01,9.5,12.2,S,170
381,2024-09-02 14:40:02,9.5,12.2,S,173
382,2024-09-02 14:45:02,9.5,13.0,S,172
383,2024-09-02 14:50:01,10.5,13.0,S,171
384,2024-09-02 14:55:01,10.5,13.0,S,171
385,2024-09-02 15:00:02,12.2,14.0,S,170
386,2024-09-02 15:05:01,11.3,14.0,S,172
387,2024-09-02 15:10:01,10.5,13.0,S,175
388,2024-09-02 15:15:01,10.5,15.6,S,175
389,2024-09-02 15:20:01,12.2,15.6,S,174
390,2024-09-02 15:25:00,12.2,15.6,S,171
391,2024-09-02 15:30:01,11.3,14.8,S,172
392,2024-09-02 15:35:01,8.7,12.2,S,174
393,2024-09-02 15:40:01,8.7,10.5,S,174
394,2024-09-02 15:45:00,8.7,11.3,S,177
395,2024-09-02 15:50:00,8.7,11.3,S,179
396,2024-09-02 15:55:00,9.5,13.0,S,171
397,2024-09-02 16:00:00,9.5,13.0,S,169
398,2024-09-02 16:05:00,9.5,12.2,S,174
399,2024-09-02 16:10:00,9.5,12.2,S,175
400,2024-09-02 16:15:00,8.7,12.2,S,179
401,2024-09-02 19:30:00,7.0,9.5,SW,224
402,2024-09-02 19:35:00,7.0,9.5,SW,227
403,2024-09-02 19:40:00,4.3,7.8,WSW,244
404,2024-09-02 19:45:00,2.5,6.0,WSW,254
405,2024-09-02 19:50:00,1.8,6.0,WSW,258
406,2024-09-02 19:55:00,0.8,5.2,WSW,255
407,2024-09-02 20:00:00,1.8,4.3,WSW,242
408,2024-09-02 20:05:00,3.5,10.5,WSW,240
409,2024-09-02 20:10:00,5.2,10.5,WSW,242
410,2024-09-02 20:15:01,5.2,10.5,WSW,238
411,2024-09-02 20:20:01,4.3,7.8,WSW,245
412,2024-09-02 20:25:01,3.5,7.8,WSW,254
413,2024-09-02 20:30:01,3.5,7.8,WSW,249
414,2024-09-02 20:35:01,3.5,7.0,WSW,256
415,2024-09-02 20:40:00,2.5,7.0,WSW,258
416,2024-09-02 20:45:01,2.5,7.0,W,264
417,2024-09-02 20:50:01,3.5,7.8,W,276
418,2024-09-02 20:55:02,3.5,7.8,W,281
419,2024-09-02 21:00:01,3.5,7.0,W,280
420,2024-09-02 21:05:01,3.5,7.0,W,271
421,2024-09-02 21:10:02,2.5,6.0,W,273
422,2024-09-02 21:15:02,1.8,5.2,W,280
423,2024-09-02 21:20:00,1.8,5.2,W,276
424,2024-09-02 21:25:01,1.8,5.2,W,270
425,2024-09-02 21:30:01,0.8,5.2,W,259
426,2024-09-02 21:35:01,0.8,3.5,W,262
427,2024-09-02 21:40:01,0.8,3.5,W,272
428,2024-09-02 21:45:01,1.8,3.5,W,275
429,2024-09-02 21:50:01,1.8,3.5,W,279
430,2024-09-02 21:55:00,1.8,3.5,W,280
431,2024-09-02 22:00:00,1.8,3.5,WNW,283
432,2024-09-02 22:05:01,1.8,5.2,W,278
433,2024-09-02 22:10:02,2.5,6.1,W,262
434,2024-09-02 22:15:02,2.5,6.1,WSW,256
435,2024-09-02 22:20:01,1.8,4.3,W,270
436,2024-09-02 22:25:02,0.8,3.5,W,273
437,2024-09-02 22:30:01,0.0,1.8,WSW,257
438,2024-09-02 22:35:02,0.0,0.8,W,261
439,2024-09-02 22:40:02,0.0,0.8,W,280
440,2024-09-02 22:45:02,0.0,0.0,WNW,283
441,2024-09-02 22:50:01,0.0,2.5,W,269
442,2024-09-02 22:55:00,1.8,6.0,WSW,246
443,2024-09-02 23:00:00,2.5,7.0,WSW,243
444,2024-09-02 23:05:00,1.8,7.0,WSW,254
445,2024-09-02 23:10:00,0.8,4.3,W,259
446,2024-09-03 00:00:02,0.0,0.0,W,277
447,2024-09-03 00:05:01,0.0,0.8,WNW,290
448,2024-09-03 00:10:02,0.0,0.8,NW,316
449,2024-09-03 00:15:02,0.0,0.0,NNW,344
450,2024-09-03 00:20:00,0.0,0.0,N,5
451,2024-09-03 00:25:02,0.0,0.0,NNE,13
452,2024-09-03 00:30:02,0.0,0.0,NNE,13
453,2024-09-03 00:35:02,0.0,0.0,NNE,13
454,2024-09-03 00:40:02,0.0,0.0,NNE,13
455,2024-09-03 00:45:02,0.0,0.0,NNE,13
456,2024-09-03 00:50:01,0.0,0.0,NNE,13
457,2024-09-03 00:55:02,0.0,0.0,NNE,13
458,2024-09-03 01:00:02,0.0,0.0,NNE,13
459,2024-09-03 01:05:00,0.0,0.0,NNE,13
460,2024-09-03 01:10:00,0.0,0.0,NNE,12
461,2024-09-03 01:15:00,0.0,0.0,N,10
462,2024-09-03 01:20:02,0.0,0.0,N,10
463,2024-09-03 01:25:02,0.0,0.0,N,6
464,2024-09-03 01:30:02,0.0,0.0,N,359
465,2024-09-03 01:35:01,0.0,0.0,NNW,339
466,2024-09-03 01:40:02,0.0,0.0,NW,323
467,2024-09-03 01:45:01,0.0,0.0,NW,321
468,2024-09-03 01:50:01,0.0,0.0,NW,321
469,2024-09-03 01:55:00,0.0,0.0,NW,323
470,2024-09-03 02:00:00,0.0,0.0,NW,324
471,2024-09-03 02:05:00,0.0,0.0,NW,324
472,2024-09-03 02:10:00,0.0,1.8,NW,324
473,2024-09-03 02:15:00,0.8,2.6,NW,324
474,2024-09-03 02:20:00,1.8,3.5,NW,324
475,2024-09-03 02:25:00,2.5,3.5,NW,325
476,2024-09-03 02:30:00,2.5,3.5,NW,323
477,2024-09-03 02:35:00,2.5,4.3,NW,321
478,2024-09-03 02:40:00,2.5,4.3,NW,320
479,2024-09-03 02:45:00,0.8,3.5,NW,321
480,2024-09-03 02:50:00,0.8,2.5,NNW,329
481,2024-09-03 02:55:00,0.8,2.5,NNW,334
482,2024-09-03 03:00:00,0.8,2.5,NNW,335
483,2024-09-03 03:05:00,1.8,2.5,NNW,332
484,2024-09-03 03:10:01,1.8,3.5,NW,324
485,2024-09-03 03:15:00,2.5,3.5,NW,319
486,2024-09-03 03:20:00,1.8,3.5,NW,320
487,2024-09-03 03:25:00,1.8,3.5,NW,323
488,2024-09-03 03:30:00,0.8,2.5,NW,326
489,2024-09-03 03:35:00,0.8,2.5,NNW,327
490,2024-09-03 03:40:02,0.8,2.5,NNW,329
491,2024-09-03 03:45:01,0.8,2.5,NNW,329
492,2024-09-03 07:40:00,0.8,7.0,NNW,337
493,2024-09-03 07:45:01,0.0,7.0,NNW,336
494,2024-09-03 07:50:01,0.0,0.8,NNW,336
495,2024-09-03 07:55:01,0.0,0.0,NNW,336
496,2024-09-03 08:00:01,0.0,1.8,NNW,336
497,2024-09-03 08:05:00,0.0,1.8,NNW,340
498,2024-09-03 08:10:01,0.0,1.8,NNW,339
499,2024-09-03 08:15:01,0.8,1.8,NNW,338
500,2024-09-03 08:20:00,0.8,3.5,NNW,339
501,2024-09-03 08:25:00,1.8,3.5,NNW,347
502,2024-09-03 08:30:00,2.5,4.3,N,5
503,2024-09-03 08:35:01,3.5,4.3,NNE,19
504,2024-09-03 08:40:01,3.5,4.3,NNE,18
505,2024-09-03 08:45:00,3.5,5.2,N,1
506,2024-09-03 08:50:00,3.5,6.0,N,356
507,2024-09-03 08:55:00,3.5,6.0,N,5
508,2024-09-03 09:00:01,3.5,4.3,NNE,24
509,2024-09-03 09:05:00,3.5,4.3,NNE,29
510,2024-09-03 09:10:00,3.5,6.1,N,8
511,2024-09-03 09:15:00,3.5,6.1,N,5
512,2024-09-03 09:20:00,2.5,3.5,NNE,24
513,2024-09-03 09:25:00,0.8,2.5,NNE,25
514,2024-09-03 09:30:00,0.0,0.8,NNE,12
515,2024-09-03 09:35:00,0.0,0.0,N,10
516,2024-09-03 09:40:00,0.0,0.0,N,354
517,2024-09-03 09:45:00,0.0,1.8,N,0
518,2024-09-03 09:50:00,0.0,1.8,NNE,27
519,2024-09-03 09:55:00,0.0,2.5,NNE,21
520,2024-09-03 10:00:00,0.8,3.5,N,11
521,2024-09-03 10:05:00,1.8,4.3,NNE,21
522,2024-09-03 10:10:00,3.5,4.3,NNE,28
523,2024-09-03 10:15:01,1.8,4.3,NNE,32
524,2024-09-03 10:20:00,0.8,3.5,NE,45
525,2024-09-03 10:25:00,0.8,3.5,NE,52
526,2024-09-03 10:30:00,0.8,2.5,ENE,63
527,2024-09-03 10:35:00,0.8,2.5,ENE,68
528,2024-09-03 10:40:00,1.8,5.2,E,89
529,2024-09-03 10:45:01,3.5,6.0,ESE,109
530,2024-09-03 10:50:00,4.3,6.0,ESE,111
531,2024-09-03 10:55:01,4.3,6.0,ESE,113
532,2024-09-03 11:00:00,4.3,6.0,ESE,111
533,2024-09-03 11:05:01,3.5,3.5,ESE,111
534,2024-09-03 11:10:00,3.5,5.2,ESE,117
535,2024-09-03 11:15:01,3.5,5.2,ESE,119
536,2024-09-03 11:20:00,3.5,5.2,ESE,122
537,2024-09-03 11:25:01,3.5,5.2,ESE,122
538,2024-09-03 11:30:00,3.5,5.2,ESE,118
539,2024-09-03 11:35:00,3.5,5.2,ESE,117
540,2024-09-03 11:40:00,2.5,5.2,ESE,121
541,2024-09-03 11:45:01,1.8,3.5,ESE,123
542,2024-09-03 11:50:02,1.8,3.5,SE,126
543,2024-09-03 11:55:01,1.8,3.5,SE,132
544,2024-09-03 12:00:02,2.5,5.2,SE,138
545,2024-09-03 12:05:01,3.5,6.0,SSE,152
546,2024-09-03 12:10:01,4.3,7.8,SSE,165
547,2024-09-03 12:15:01,5.2,7.8,S,174
548,2024-09-03 12:20:01,5.2,7.8,S,180
549,2024-09-03 12:25:01,4.3,7.0,S,181
550,2024-09-03 12:30:01,4.3,7.0,S,176
551,2024-09-03 12:35:02,4.3,7.0,S,169
552,2024-09-03 12:40:01,4.3,5.2,SSE,165
553,2024-09-03 12:45:00,3.5,5.2,S,171
554,2024-09-03 12:50:01,3.5,5.2,S,183
555,2024-09-03 12:55:00,2.5,4.3,S,185
556,2024-09-03 13:00:00,3.5,4.3,S,175
557,2024-09-03 13:05:00,3.5,4.3,SSE,165
558,2024-09-03 13:10:00,2.5,4.3,SSE,159
559,2024-09-03 13:15:01,1.8,4.3,SSE,150
560,2024-09-03 13:20:02,2.5,5.2,SSE,156
561,2024-09-03 13:25:02,3.5,5.2,SSE,163
562,2024-09-03 13:30:01,3.5,5.2,SSE,161
563,2024-09-03 13:35:01,3.5,5.2,S,170
564,2024-09-03 13:40:01,3.5,5.2,S,174
565,2024-09-03 13:45:02,3.5,5.2,S,176
566,2024-09-03 13:50:02,3.5,5.2,S,174
567,2024-09-03 13:55:02,2.5,4.3,S,170
568,2024-09-03 14:00:02,2.5,4.3,S,169
569,2024-09-03 14:05:00,3.5,4.3,S,170
570,2024-09-03 14:10:01,3.5,4.3,S,170
571,2024-09-03 14:15:00,3.5,5.2,SSE,164
572,2024-09-03 14:20:00,3.5,5.2,SSE,163
573,2024-09-03 14:25:01,2.5,4.3,SSE,166
574,2024-09-03 14:30:01,2.5,4.3,SSE,162
575,2024-09-03 14:35:01,4.3,8.7,SSE,159
576,2024-09-03 14:40:01,6.0,8.7,SSE,163
577,2024-09-03 14:45:01,6.0,8.7,SSE,164
578,2024-09-03 14:50:01,7.8,10.5,SSE,166
579,2024-09-03 14:55:02,8.7,10.5,SSE,167
580,2024-09-03 15:00:02,7.8,9.5,SSE,168
581,2024-09-03 15:05:02,7.8,10.5,S,170
582,2024-09-03 15:10:02,7.8,10.5,SSE,168
583,2024-09-03 15:15:01,7.8,9.5,SSE,167
584,2024-09-03 15:20:01,7.8,9.5,S,170
585,2024-09-03 15:25:01,8.7,10.5,S,171
586,2024-09-03 15:30:01,8.7,10.5,SSE,168
587,2024-09-03 15:35:02,8.7,10.5,SSE,166
588,2024-09-03 15:40:00,8.7,10.5,SSE,167
589,2024-09-03 15:45:01,7.8,10.5,SSE,167
590,2024-09-03 15:50:00,7.0,8.7,SSE,166
591,2024-09-03 15:55:00,7.0,8.7,S,169
592,2024-09-03 16:00:00,6.0,8.7,S,169
593,2024-09-03 16:05:01,6.0,8.7,SSE,168
594,2024-09-03 16:10:01,5.2,7.8,S,169
595,2024-09-03 16:15:00,4.3,7.0,SSE,154
596,2024-09-03 16:20:01,5.2,7.8,SE,130
597,2024-09-03 16:25:01,7.0,8.7,SE,124
598,2024-09-03 16:30:02,7.8,9.6,ESE,123
599,2024-09-03 16:35:01,7.8,9.6,ESE,123
600,2024-09-03 16:40:01,7.8,9.5,ESE,123
601,2024-09-03 16:45:02,7.8,8.7,ESE,122
602,2024-09-03 16:50:02,7.8,9.6,ESE,122
603,2024-09-03 16:55:01,8.7,9.6,SE,124
604,2024-09-03 17:00:01,7.8,9.5,SE,124
605,2024-09-03 17:05:01,7.0,8.7,SE,126
606,2024-09-03 17:10:02,7.0,7.8,SE,125
607,2024-09-03 17:15:00,7.0,7.8,ESE,120
608,2024-09-03 17:20:01,7.0,7.8,ESE,118
609,2024-09-03 17:25:00,7.0,7.8,ESE,117
610,2024-09-03 17:30:01,7.0,7.8,ESE,118
611,2024-09-03 17:35:00,7.0,7.8,ESE,122
612,2024-09-03 17:40:00,6.0,7.8,ESE,123
613,2024-09-03 17:45:00,6.0,7.8,ESE,121
614,2024-09-03 17:50:01,6.0,7.8,SE,124
615,2024-09-03 17:55:00,5.2,7.0,SE,128
616,2024-09-03 18:00:00,5.2,7.0,SE,133
617,2024-09-03 18:05:00,5.2,7.0,SE,135
618,2024-09-03 18:10:00,5.2,7.0,SE,134
619,2024-09-03 18:15:00,5.2,7.0,SE,128
620,2024-09-03 18:20:00,6.0,8.7,ESE,119
621,2024-09-03 18:25:00,7.0,8.7,ESE,117
622,2024-09-03 18:30:00,7.0,8.7,ESE,117
623,2024-09-03 18:35:00,7.0,7.8,ESE,115
624,2024-09-03 18:40:00,7.8,9.6,ESE,114
625,2024-09-03 18:45:00,8.7,9.6,ESE,117
626,2024-09-03 18:50:00,7.8,8.7,ESE,119
627,2024-09-03 18:55:00,7.8,9.6,ESE,120
628,2024-09-03 19:00:00,7.0,9.6,ESE,122
629,2024-09-03 19:05:00,6.0,7.8,ESE,122
630,2024-09-03 19:10:00,6.0,7.0,ESE,123
631,2024-09-03 19:15:00,5.2,7.0,SE,125
632,2024-09-03 19:20:00,4.3,6.0,SE,127
633,2024-09-03 19:25:00,3.5,5.2,SE,139
634,2024-09-03 19:30:00,3.5,6.1,SSE,150
635,2024-09-03 19:35:00,4.3,6.1,SSE,147
636,2024-09-03 19:40:00,5.2,7.0,SE,142
637,2024-09-03 19:45:00,5.2,7.0,SE,141
638,2024-09-03 19:50:00,6.0,8.7,SE,139
639,2024-09-03 19:55:01,7.0,8.7,SE,141
640,2024-09-03 20:00:00,7.0,7.8,SE,146
641,2024-09-03 20:05:01,6.0,7.8,SSE,148
642,2024-09-03 20:10:01,5.2,7.8,SSE,151
643,2024-09-03 20:15:01,5.2,7.8,SSE,153
644,2024-09-03 20:20:00,6.0,8.7,SSE,154
645,2024-09-03 20:25:00,6.0,8.7,SSE,156
646,2024-09-03 20:30:00,6.0,8.7,SSE,157
647,2024-09-03 20:35:00,5.2,7.8,SSE,158
648,2024-09-03 20:40:01,5.2,7.0,SSE,159
649,2024-09-03 20:45:01,4.3,6.0,SSE,156
650,2024-09-03 20:50:01,5.2,7.0,SSE,156
651,2024-09-03 20:55:01,5.2,7.0,SSE,157
652,2024-09-03 21:00:01,4.3,7.0,SSE,158
653,2024-09-03 21:05:00,4.3,5.2,SSE,165
654,2024-09-03 21:10:01,4.3,5.2,SSE,167
655,2024-09-03 21:15:01,3.5,5.2,SSE,157
656,2024-09-03 21:20:01,2.5,4.3,SSE,154
657,2024-09-03 21:25:00,1.8,4.3,SSE,168
658,2024-09-03 21:30:00,0.8,1.8,S,180
659,2024-09-03 21:35:01,0.0,0.0,S,174
660,2024-09-03 21:40:02,0.0,4.3,S,172
661,2024-09-03 21:45:01,1.8,4.3,S,179
662,2024-09-03 21:50:02,3.5,4.3,S,182
663,2024-09-03 21:55:02,1.8,4.3,SW,214
664,2024-09-03 22:00:01,0.0,2.5,W,259
665,2024-09-03 22:05:02,0.0,0.0,W,260
666,2024-09-03 22:10:01,0.8,3.5,WSW,253
667,2024-09-03 22:15:01,1.8,3.5,WSW,246
668,2024-09-03 22:20:01,2.5,5.2,SW,234
669,2024-09-03 22:25:00,3.5,5.2,SW,228
670,2024-09-03 22:30:00,3.5,5.2,SW,227
671,2024-09-03 22:35:01,3.5,6.1,SW,228
672,2024-09-03 22:40:01,1.8,6.1,SW,234
673,2024-09-03 22:45:01,0.8,3.5,WSW,237
674,2024-09-03 22:50:00,1.8,3.5,WSW,255
675,2024-09-03 22:55:00,0.8,1.8,W,279
676,2024-09-03 23:00:00,0.0,1.8,WNW,286
677,2024-09-03 23:05:00,0.0,0.0,WNW,289
678,2024-09-03 23:10:01,0.0,2.6,WNW,296
679,2024-09-05 00:00:02,0.8,3.5,NNW,347
680,2024-09-05 00:05:02,0.8,2.5,NNW,345
681,2024-09-05 00:10:02,0.0,1.8,NNW,348
682,2024-09-05 00:15:01,0.0,0.8,N,357
683,2024-09-05 00:20:02,0.0,0.0,N,1
684,2024-09-05 00:25:01,0.0,2.5,NNE,18
685,2024-09-05 00:30:02,0.8,3.5,NE,37
686,2024-09-05 00:35:02,1.8,3.5,NE,45
687,2024-09-05 00:40:00,0.8,3.5,NE,45
688,2024-09-05 00:45:00,0.0,3.5,NE,45
689,2024-09-05 00:50:00,0.8,3.5,NE,46
690,2024-09-05 00:55:01,1.8,3.5,NE,46
691,2024-09-05 01:00:01,1.8,3.5,NE,46
692,2024-09-05 01:05:01,2.5,4.3,NE,48
693,2024-09-05 01:10:01,1.8,4.3,NE,49
694,2024-09-05 01:15:01,1.8,3.5,NE,48
695,2024-09-05 01:20:01,1.8,3.5,NE,47
696,2024-09-05 01:25:01,0.8,2.5,NE,47
697,2024-09-05 01:30:02,0.8,2.5,NE,45
698,2024-09-05 01:35:02,0.8,1.8,NE,46
699,2024-09-05 01:40:01,0.0,1.8,NE,50
700,2024-09-05 01:45:02,0.0,2.6,NE,52
701,2024-09-05 01:50:01,0.0,3.5,NE,51
702,2024-09-05 01:55:01,0.8,3.5,NE,51
703,2024-09-05 02:00:02,1.8,3.5,NE,48
704,2024-09-05 02:05:02,2.5,5.2,NE,48
705,2024-09-05 02:10:02,3.5,7.0,NE,53
706,2024-09-05 02:15:00,4.3,7.0,NE,54
707,2024-09-05 02:20:01,4.3,7.0,NE,49
708,2024-09-05 02:25:01,4.3,6.0,NE,46
709,2024-09-05 02:30:01,4.3,7.0,NE,46
710,2024-09-05 02:35:01,4.3,7.0,NE,46
711,2024-09-05 02:40:01,3.5,6.0,NE,46
712,2024-09-05 02:45:01,3.5,5.2,NE,48
713,2024-09-05 02:50:01,1.8,5.2,NE,47
714,2024-09-05 02:55:00,0.8,3.5,NE,45
715,2024-09-05 03:00:01,1.8,3.5,NE,37
716,2024-09-05 03:05:02,1.8,3.5,NNE,20
717,2024-09-05 03:10:02,0.8,3.5,N,11
718,2024-09-05 03:15:02,1.8,4.3,NNE,22
719,2024-09-05 03:20:01,2.5,4.3,NNE,31
720,2024-09-05 03:25:01,3.5,5.2,NNE,32
721,2024-09-05 03:30:01,3.5,6.1,NE,35
722,2024-09-05 03:35:01,3.5,6.1,NE,36
723,2024-09-05 03:40:02,2.5,5.2,NE,34
724,2024-09-05 03:45:01,2.5,5.2,NE,36
725,2024-09-05 03:50:00,2.5,5.2,NE,42
726,2024-09-05 03:55:01,2.5,1.8,NE,42
727,2024-09-05 07:50:00,2.5,12.2,ENE,57
728,2024-09-05 07:55:00,9.5,14.0,ENE,59
729,2024-09-05 08:00:00,10.5,14.0,ENE,61
730,2024-09-05 08:05:00,10.5,14.0,ENE,61
731,2024-09-05 08:10:00,8.7,14.0,ENE,60
732,2024-09-05 08:15:00,7.8,12.2,ENE,60
733,2024-09-05 08:20:00,7.8,12.2,ENE,60
734,2024-09-05 08:25:00,7.8,14.0,ENE,61
735,2024-09-05 08:30:00,8.7,14.8,ENE,65
736,2024-09-05 08:35:00,10.5,14.8,ENE,70
737,2024-09-05 08:40:01,10.5,14.8,ENE,74
738,2024-09-05 08:45:01,9.5,13.0,ENE,73
739,2024-09-05 08:50:00,7.0,11.3,E,83
740,2024-09-05 08:55:00,6.0,13.0,SSE,147
741,2024-09-05 09:00:00,7.0,13.0,SW,228
742,2024-09-05 09:05:00,7.8,13.0,SW,234
743,2024-09-05 09:10:00,7.8,13.0,SW,218
744,2024-09-05 09:15:00,5.2,10.5,SSW,211
745,2024-09-05 09:20:00,2.5,7.0,SW,236
746,2024-09-05 09:25:01,2.5,9.6,WSW,239
747,2024-09-05 09:30:00,2.5,9.6,SW,219
748,2024-09-05 09:35:00,4.3,14.8,SW,214
749,2024-09-05 09:40:01,11.3,24.3,SSW,198
750,2024-09-05 09:45:00,18.3,28.7,S,191
751,2024-09-05 09:50:00,21.8,29.5,S,180
752,2024-09-05 09:55:00,20.8,29.5,S,171
753,2024-09-05 10:00:00,14.8,29.5,SSE,162
754,2024-09-05 10:05:00,7.8,15.6,SE,135
755,2024-09-05 10:10:00,3.5,8.7,ESE,107
756,2024-09-05 10:15:00,4.3,9.6,ENE,74
757,2024-09-05 10:20:00,6.0,10.5,NE,54
758,2024-09-05 10:25:00,7.0,11.3,NE,51
759,2024-09-05 10:30:00,8.7,11.3,NE,54
760,2024-09-05 10:35:00,9.5,14.0,ENE,68
761,2024-09-05 10:40:01,12.2,20.0,E,87
762,2024-09-05 10:45:00,14.8,20.0,E,95
763,2024-09-05 10:50:01,15.6,20.0,E,92
764,2024-09-05 10:55:01,16.5,20.0,E,85
765,2024-09-05 11:00:00,15.6,19.1,E,83
766,2024-09-05 11:05:00,14.8,18.3,E,80
767,2024-09-05 11:10:01,13.0,17.3,ENE,70
768,2024-09-05 11:15:00,10.5,15.6,ENE,62
769,2024-09-05 11:20:00,8.7,13.0,NE,52
770,2024-09-05 11:25:00,7.8,12.2,NE,47
771,2024-09-05 11:30:00,7.0,9.5,NE,52
772,2024-09-05 11:35:00,7.8,11.3,ENE,58
773,2024-09-05 11:40:00,8.7,12.2,ENE,65
774,2024-09-05 11:45:00,9.5,12.2,ENE,67
775,2024-09-05 11:50:00,8.7,12.2,ENE,60
776,2024-09-05 11:55:00,7.8,10.5,NE,55
777,2024-09-05 12:00:00,8.7,14.0,ENE,66
778,2024-09-05 12:05:00,12.2,21.8,E,92
779,2024-09-05 12:10:00,15.6,21.8,ESE,107
780,2024-09-05 12:15:01,15.6,20.0,ESE,104
781,2024-09-05 12:20:00,15.6,20.0,ESE,102
782,2024-09-05 12:25:00,14.8,17.3,ESE,102
783,2024-09-05 12:30:00,13.0,16.5,E,101
784,2024-09-05 12:35:00,12.2,16.5,E,97
785,2024-09-05 12:40:00,12.2,15.6,E,93
786,2024-09-05 12:45:01,12.2,14.8,E,89
787,2024-09-05 12:50:00,12.2,15.6,E,84
788,2024-09-05 12:55:00,12.2,16.5,ENE,77
789,2024-09-05 13:00:00,11.3,16.5,ENE,64
790,2024-09-05 13:05:00,9.5,14.8,ENE,57
791,2024-09-05 13:10:00,8.7,13.0,ENE,59
792,2024-09-05 13:15:00,7.8,12.2,ENE,61
793,2024-09-05 13:20:00,7.0,10.5,NE,46
794,2024-09-05 13:25:00,7.8,10.5,NNE,28
795,2024-09-05 13:30:01,7.8,10.5,NNE,25
796,2024-09-05 13:35:02,7.0,9.5,NE,34
797,2024-09-05 13:40:01,6.0,9.5,NE,50
798,2024-09-05 13:45:01,7.0,13.0,ENE,61
799,2024-09-05 13:50:01,11.3,22.6,E,95
800,2024-09-05 13:55:01,14.8,22.6,ESE,112
801,2024-09-05 14:00:02,14.8,20.0,E,97
802,2024-09-05 14:05:02,14.0,16.5,E,82
803,2024-09-05 14:10:01,10.5,14.8,ENE,62
804,2024-09-05 14:15:01,8.7,12.2,NE,50
805,2024-09-05 14:20:01,8.7,11.3,NE,46
806,2024-09-05 14:25:01,9.5,14.0,NE,42
807,2024-09-05 14:30:01,10.5,14.0,NE,42
808,2024-09-05 14:35:02,10.5,14.8,NE,40
809,2024-09-05 14:40:01,12.2,17.3,NE,35
810,2024-09-05 14:45:01,12.2,20.0,NE,43
811,2024-09-05 14:50:00,11.3,20.0,NE,52
812,2024-09-05 14:55:00,12.2,18.3,NE,49
813,2024-09-05 15:00:02,14.0,18.3,NE,52
814,2024-09-05 15:05:02,15.6,20.9,ENE,59
815,2024-09-05 15:10:01,14.0,20.9,ENE,61
816,2024-09-05 15:15:00,13.0,18.3,ENE,62
817,2024-09-05 15:20:01,13.0,20.0,ENE,61
818,2024-09-05 15:25:01,14.0,20.0,ENE,60
819,2024-09-05 15:30:02,13.0,18.3,ENE,59
820,2024-09-05 15:35:01,13.0,18.3,ENE,61
821,2024-09-05 15:40:01,13.0,17.3,ENE,61
822,2024-09-05 15:45:01,14.0,18.3,ENE,61
823,2024-09-05 15:50:01,14.8,19.1,ENE,62
824,2024-09-05 15:55:01,13.0,19.1,NE,55
825,2024-09-05 16:00:01,11.3,15.6,NE,43
826,2024-09-05 16:05:01,11.3,14.8,NE,38
827,2024-09-05 16:10:00,11.3,16.5,NE,40
828,2024-09-05 16:15:01,11.3,16.5,NE,45
829,2024-09-05 16:20:01,10.5,16.5,NE,50
830,2024-09-05 16:25:01,9.5,16.5,NE,52
831,2024-09-05 16:30:01,7.8,14.0,E,82
832,2024-09-05 16:35:01,8.7,16.5,ESE,107
833,2024-09-05 16:40:01,14.0,26.1,E,90
834,2024-09-05 16:45:01,18.3,26.1,E,85
835,2024-09-05 16:50:00,17.3,22.6,E,100
836,2024-09-05 16:55:01,13.0,18.3,ESE,112
837,2024-09-05 17:00:02,8.7,18.3,ESE,121
838,2024-09-05 17:05:02,7.0,10.5,SE,138
839,2024-09-05 17:10:01,5.2,8.7,SE,124
840,2024-09-05 17:15:02,1.8,7.0,E,79
841,2024-09-05 17:20:02,0.0,1.8,N,8
842,2024-09-05 17:25:02,0.8,7.0,NNE,17
843,2024-09-05 17:30:01,3.5,7.0,ENE,58
844,2024-09-05 17:35:01,5.2,9.6,NE,47
845,2024-09-05 17:40:01,6.0,10.5,NE,42
846,2024-09-05 17:45:00,7.8,11.3,NE,55
847,2024-09-05 17:50:01,7.0,11.3,ENE,60
848,2024-09-05 17:55:01,7.0,10.5,ENE,60
849,2024-09-05 18:00:01,7.8,11.3,ENE,62
850,2024-09-05 18:05:01,9.5,14.8,ENE,78
851,2024-09-05 18:10:01,12.2,17.3,ESE,103
852,2024-09-05 18:15:01,14.8,19.1,ESE,111
853,2024-09-05 18:20:00,14.8,19.1,ESE,111
854,2024-09-05 18:25:01,14.8,20.0,ESE,115
855,2024-09-05 18:30:01,15.6,20.0,ESE,120
856,2024-09-05 18:35:02,16.5,20.0,ESE,121
857,2024-09-05 18:40:01,16.5,20.0,ESE,118
858,2024-09-05 18:45:01,15.6,17.3,ESE,113
859,2024-09-05 18:50:01,14.8,17.3,ESE,105
860,2024-09-05 18:55:02,14.8,17.3,E,92
861,2024-09-05 19:00:01,15.6,18.3,E,85
862,2024-09-05 19:05:01,15.6,18.3,E,82
863,2024-09-05 19:10:01,15.6,18.3,E,79
864,2024-09-05 19:15:01,14.8,18.3,ENE,70
865,2024-09-05 19:20:00,15.6,20.9,ENE,69
866,2024-09-05 19:25:01,17.3,20.9,ENE,73
867,2024-09-05 19:30:01,16.5,20.8,ENE,69
868,2024-09-05 19:35:01,15.6,20.8,ENE,66
869,2024-09-05 19:40:01,15.6,20.0,ENE,66
870,2024-09-05 19:45:01,16.5,21.8,ENE,68
871,2024-09-05 19:50:01,17.3,21.8,ENE,67
872,2024-09-05 19:55:01,16.5,20.8,ENE,64
873,2024-09-05 20:00:01,16.5,20.8,ENE,63
874,2024-09-05 20:05:01,14.8,20.0,ENE,59
875,2024-09-05 20:10:02,12.2,17.3,ENE,58
876,2024-09-05 20:15:01,11.3,17.3,ENE,57
877,2024-09-05 20:20:01,11.3,17.3,NE,51
878,2024-09-05 20:25:02,11.3,15.6,NE,48
879,2024-09-05 20:30:02,8.7,14.8,NE,46
880,2024-09-05 20:35:01,6.0,9.5,NE,40
881,2024-09-05 20:40:02,3.5,9.5,NNE,13
882,2024-09-05 20:45:00,0.8,7.0,WNW,298
883,2024-09-05 20:50:00,1.8,7.0,W,274
884,2024-09-05 20:55:01,0.8,5.2,W,270
885,2024-09-05 21:00:01,0.0,0.0,W,270
886,2024-09-05 21:05:01,0.0,0.0,NNW,329
887,2024-09-05 21:10:00,0.0,0.0,NNE,31
888,2024-09-05 21:15:00,0.0,0.0,NNE,29
889,2024-09-05 21:20:00,0.8,5.2,NW,305
890,2024-09-05 21:25:00,1.8,6.1,W,259
891,2024-09-05 21:30:00,2.5,7.8,W,278
892,2024-09-05 21:35:00,2.5,7.8,NW,317
893,2024-09-05 21:40:00,1.8,3.5,NW,320
894,2024-09-05 21:45:00,0.8,3.5,WNW,292
895,2024-09-05 21:50:01,0.8,3.5,WNW,292
896,2024-09-05 21:55:00,0.8,4.3,WNW,293
897,2024-09-05 22:00:01,1.8,4.3,WNW,289
898,2024-09-05 22:05:00,2.5,4.3,WNW,291
899,2024-09-05 22:10:00,1.8,4.3,WNW,295
900,2024-09-05 22:15:00,2.5,6.0,WNW,292
901,2024-09-05 22:20:00,2.5,6.0,WNW,287
902,2024-09-05 22:25:00,1.8,7.8,WNW,288
903,2024-09-05 22:30:00,3.5,7.8,WNW,294
904,2024-09-05 22:35:00,3.5,7.8,WNW,294
905,2024-09-05 22:40:00,2.5,6.0,WNW,297
906,2024-09-05 22:45:00,1.8,4.3,WNW,301
907,2024-09-05 22:50:00,1.8,4.3,NW,304
908,2024-09-05 22:55:01,1.8,5.2,WNW,299
909,2024-09-05 23:00:01,1.8,6.0,WNW,293
910,2024-09-05 23:05:01,3.5,6.0,WNW,302
911,2024-09-05 23:10:01,2.5,6.0,NW,317
912,2024-09-06 00:00:00,2.5,6.0,WNW,288
913,2024-09-06 00:05:01,3.5,11.3,WNW,292
914,2024-09-06 00:10:01,5.2,11.3,WNW,296
915,2024-09-06 00:15:00,5.2,10.5,WNW,295
916,2024-09-06 00:20:01,2.5,6.0,WNW,292
917,2024-09-06 00:25:01,1.8,6.0,WNW,301
918,2024-09-06 00:30:01,1.8,4.3,NW,315
919,2024-09-06 00:35:01,2.5,4.3,NW,321
920,2024-09-06 00:40:02,2.5,3.5,NW,326
921,2024-09-06 00:45:02,1.8,3.5,NW,322
922,2024-09-06 00:50:00,1.8,3.5,NW,319
923,2024-09-06 00:55:02,1.8,3.5,NW,319
924,2024-09-06 01:00:01,1.8,0.0,NW,319
925,2024-09-06 07:45:00,1.8,2.6,NNW,331
926,2024-09-06 07:50:00,0.8,2.6,NNW,344
927,2024-09-06 07:55:00,1.8,3.5,N,0
928,2024-09-06 08:00:00,2.5,3.5,N,6
929,2024-09-06 08:05:00,1.8,2.5,N,4
930,2024-09-06 08:10:00,0.8,2.5,N,11
931,2024-09-06 08:15:00,0.0,1.8,NNE,24
932,2024-09-06 08:20:00,0.8,1.8,NNE,26
933,2024-09-06 08:25:00,0.0,1.8,NNE,29
934,2024-09-06 08:30:00,0.0,2.5,NE,40
935,2024-09-06 08:35:00,0.8,4.3,NE,40
936,2024-09-06 08:40:00,1.8,4.3,NE,34
937,2024-09-06 08:45:00,1.8,3.5,NNE,22
938,2024-09-06 08:50:00,2.5,4.3,NNE,15
939,2024-09-06 08:55:00,2.5,7.0,NNE,18
940,2024-09-06 09:00:00,2.5,7.0,NNE,19
941,2024-09-06 09:05:00,1.8,3.5,NNE,13
942,2024-09-06 09:10:00,1.8,3.5,N,11
943,2024-09-06 09:15:00,1.8,3.5,NNE,22
944,2024-09-06 09:20:01,0.8,3.5,NNE,28
945,2024-09-06 09:25:00,0.0,1.8,NNE,22
946,2024-09-06 09:30:00,0.0,0.0,NNE,19
947,2024-09-06 09:35:00,0.0,0.0,NNE,23
948,2024-09-06 09:40:00,0.8,3.5,N,10
949,2024-09-06 09:45:00,1.8,3.5,N,0
950,2024-09-06 09:50:00,1.8,3.5,N,4
951,2024-09-06 09:55:00,2.5,3.5,N,9
952,2024-09-06 10:00:00,2.5,3.5,NNE,19
953,2024-09-06 10:05:01,1.8,3.5,NNE,27
954,2024-09-06 10:10:00,1.8,3.5,NE,36
955,2024-09-06 10:15:00,2.5,4.3,NE,37
956,2024-09-06 10:20:00,2.5,4.3,NE,36
957,2024-09-06 10:25:00,2.5,4.3,NE,38
958,2024-09-06 10:30:00,3.5,4.3,NE,34
959,2024-09-06 10:35:00,3.5,4.3,NE,36
960,2024-09-06 10:40:00,2.5,4.3,NE,39
961,2024-09-06 10:45:00,2.5,4.3,NE,37
962,2024-09-06 10:50:00,3.5,5.2,NE,36
963,2024-09-06 10:55:00,3.5,5.2,NE,37
964,2024-09-06 11:00:01,3.5,7.0,NNE,31
965,2024-09-06 11:05:00,3.5,7.0,NNE,29
966,2024-09-06 11:10:00,3.5,6.0,NE,36
967,2024-09-06 11:15:00,3.5,4.3,NE,40
968,2024-09-06 11:20:00,3.5,5.2,NNE,32
969,2024-09-06 11:25:00,4.3,7.0,NNE,24
970,2024-09-06 11:30:00,4.3,7.0,NNE,30
971,2024-09-06 11:35:00,4.3,7.0,NE,38
972,2024-09-06 11:40:00,4.3,7.0,NE,44
973,2024-09-06 11:45:01,3.5,7.0,NE,43
974,2024-09-06 11:50:01,3.5,7.0,NE,44
975,2024-09-06 11:55:01,3.5,7.0,NE,46
976,2024-09-06 12:00:01,4.3,7.8,NE,44
977,2024-09-06 12:05:00,5.2,7.8,NE,39
978,2024-09-06 12:10:01,5.2,7.8,NE,34
979,2024-09-06 12:15:00,4.3,7.0,NE,39
980,2024-09-06 12:20:01,3.5,7.0,NE,52
981,2024-09-06 12:25:00,4.3,7.8,NE,55
982,2024-09-06 12:30:00,4.3,7.8,NE,53
983,2024-09-06 12:35:00,4.3,9.5,ENE,59
984,2024-09-06 12:40:00,4.3,9.5,ENE,63
985,2024-09-06 12:45:00,5.2,7.8,ENE,66
986,2024-09-06 12:50:00,3.5,7.8,ENE,66
987,2024-09-06 12:55:00,3.5,7.0,ENE,65
988,2024-09-06 13:00:00,2.5,7.0,ENE,73
989,2024-09-06 13:05:00,0.8,3.5,E,87
990,2024-09-06 13:10:00,0.0,0.0,E,99
991,2024-09-06 13:15:00,0.8,6.0,ESE,108
992,2024-09-06 13:20:01,2.5,6.0,ESE,107
993,2024-09-06 13:25:00,4.3,7.0,ESE,103
994,2024-09-06 13:30:00,5.2,7.8,ESE,102
995,2024-09-06 13:35:00,6.0,7.8,ESE,105
996,2024-09-06 13:40:00,5.2,7.8,ESE,105
997,2024-09-06 13:45:01,6.0,7.8,ESE,104
998,2024-09-06 13:50:00,6.0,7.8,ESE,104
999,2024-09-06 13:55:01,6.0,7.8,ESE,104
1000,2024-09-06 14:00:01,6.0,7.8,ESE,105
1001,2024-09-06 14:05:00,5.2,7.8,ESE,103
1002,2024-09-06 14:10:00,6.0,7.8,E,98
1003,2024-09-06 14:15:00,6.0,7.8,E,97
1004,2024-09-06 14:20:00,6.0,7.8,E,96
1005,2024-09-06 14:25:00,5.2,7.0,E,95
1006,2024-09-06 14:30:00,5.2,6.0,E,99
1007,2024-09-06 14:35:00,6.0,7.0,ESE,105
1008,2024-09-06 14:40:00,6.0,7.0,ESE,106
1009,2024-09-06 14:45:00,6.0,7.0,ESE,104
1010,2024-09-06 14:50:00,6.0,8.7,ESE,110
1011,2024-09-06 14:55:01,7.0,8.7,ESE,113
1012,2024-09-06 15:00:01,6.0,8.7,ESE,114
1013,2024-09-06 15:05:01,5.2,8.7,ESE,121
1014,2024-09-06 15:10:01,4.3,8.7,SE,126
1015,2024-09-06 15:15:00,3.5,7.8,SE,128
1016,2024-09-06 15:20:00,4.3,7.8,SE,132
1017,2024-09-06 15:25:00,4.3,7.0,SE,134
1018,2024-09-06 15:30:00,4.3,7.0,SE,131
1019,2024-09-06 15:35:01,4.3,7.0,SE,129
1020,2024-09-06 15:40:01,4.3,7.0,SE,133
1021,2024-09-06 15:45:01,4.3,6.0,SE,132
1022,2024-09-06 15:50:00,4.3,7.0,SE,125
1023,2024-09-06 15:55:00,5.2,7.8,ESE,122
1024,2024-09-06 16:00:00,5.2,7.8,ESE,119
1025,2024-09-06 16:05:01,5.2,7.8,ESE,115
1026,2024-09-06 16:10:01,5.2,7.0,ESE,117
1027,2024-09-06 16:15:01,5.2,8.7,ESE,121
1028,2024-09-06 16:20:01,6.0,8.7,ESE,120
1029,2024-09-06 16:25:01,6.0,7.8,SE,124
1030,2024-09-06 16:30:01,5.2,7.8,SE,127
1031,2024-09-06 16:35:00,5.2,7.8,ESE,123
1032,2024-09-06 16:40:01,6.0,7.8,SE,125
1033,2024-09-06 16:45:01,6.0,7.8,SE,125
1034,2024-09-06 16:50:01,6.0,7.8,ESE,118
1035,2024-09-06 16:55:00,6.0,7.8,ESE,117
1036,2024-09-06 17:00:00,6.0,7.8,ESE,120
1037,2024-09-06 17:05:01,5.2,7.8,ESE,123
1038,2024-09-06 17:10:02,5.2,7.8,SE,125
1039,2024-09-06 17:15:01,5.2,7.0,ESE,122
1040,2024-09-06 17:20:00,5.2,7.0,ESE,123
1041,2024-09-06 17:25:01,4.3,7.0,SE,128
1042,2024-09-06 17:30:01,3.5,6.0,SE,128
1043,2024-09-06 17:35:01,3.5,6.0,ESE,121
1044,2024-09-06 17:40:01,3.5,6.0,ESE,117
1045,2024-09-06 17:45:01,4.3,5.2,ESE,119
1046,2024-09-06 17:50:00,3.5,5.2,ESE,119
1047,2024-09-06 17:55:01,2.5,5.2,ESE,120
1048,2024-09-06 18:00:00,1.8,5.2,ESE,115
1049,2024-09-06 18:05:00,2.5,6.1,ESE,103
1050,2024-09-06 18:10:00,4.3,6.1,E,97
1051,2024-09-06 18:15:01,3.5,6.0,E,92
1052,2024-09-06 18:20:02,2.5,5.2,E,92
1053,2024-09-06 18:25:02,1.8,5.2,E,95
1054,2024-09-06 18:30:01,0.0,2.5,E,99
1055,2024-09-06 18:35:01,0.0,0.0,ESE,103
1056,2024-09-06 18:40:01,0.0,6.1,ESE,107
1057,2024-09-06 18:45:01,2.5,6.1,ESE,118
1058,2024-09-06 18:50:01,4.3,6.0,ESE,121
1059,2024-09-06 18:55:02,3.5,5.2,ESE,111
1060,2024-09-06 19:00:02,3.5,5.2,ESE,106
1061,2024-09-06 19:05:00,2.5,5.2,ESE,116
1062,2024-09-06 19:10:00,3.5,5.2,ESE,121
1063,2024-09-06 19:15:00,3.5,5.2,ESE,119
1064,2024-09-06 19:20:00,3.5,6.0,ESE,122
1065,2024-09-06 19:25:00,3.5,6.0,ESE,117
1066,2024-09-06 19:30:01,3.5,5.2,ESE,111
1067,2024-09-06 19:35:00,3.5,5.2,ESE,109
1068,2024-09-06 19:40:01,3.5,5.2,ESE,104
1069,2024-09-06 19:45:02,2.5,5.2,E,99
1070,2024-09-06 19:50:01,2.5,5.2,E,97
1071,2024-09-06 19:55:02,2.5,6.0,E,101
1072,2024-09-06 20:00:01,4.3,6.0,ESE,112
1073,2024-09-06 20:05:01,4.3,6.0,ESE,120
1074,2024-09-06 20:10:01,2.5,3.5,ESE,117
1075,2024-09-06 20:15:02,2.5,5.2,ESE,102
1076,2024-09-06 20:20:01,1.8,5.2,E,94
1077,2024-09-06 20:25:02,2.5,5.2,E,94
1078,2024-09-06 20:30:00,3.5,5.2,E,93
1079,2024-09-06 20:35:00,3.5,5.2,E,90
1080,2024-09-06 20:40:01,3.5,5.2,E,88
1081,2024-09-06 20:45:01,3.5,5.2,E,94
1082,2024-09-06 20:50:00,3.5,5.2,E,93
1083,2024-09-06 20:55:01,3.5,4.3,E,85
1084,2024-09-06 21:00:01,2.5,3.5,E,90
1085,2024-09-06 21:05:01,2.5,4.3,E,92
1086,2024-09-06 21:10:01,1.8,4.3,E,90
1087,2024-09-06 21:15:00,2.5,3.5,E,96
1088,2024-09-06 21:20:00,2.5,3.5,E,99
1089,2024-09-06 21:25:00,2.5,3.5,E,97
1090,2024-09-06 21:30:00,2.5,5.2,E,99
1091,2024-09-06 21:35:00,2.5,5.2,E,92
1092,2024-09-06 21:40:00,1.8,3.5,ENE,73
1093,2024-09-06 21:45:00,0.8,5.2,ENE,64
1094,2024-09-06 21:50:00,1.8,5.2,E,83
1095,2024-09-06 21:55:00,3.5,5.2,E,98
1096,2024-09-06 22:00:00,3.5,5.2,ESE,103
1097,2024-09-06 22:05:00,2.5,6.0,E,97
1098,2024-09-06 22:10:01,1.8,6.0,ENE,68
1099,2024-09-06 22:15:01,0.0,0.8,NE,35
1100,2024-09-06 22:20:00,0.0,0.0,NNE,32
1101,2024-09-06 22:25:00,0.0,0.0,NE,43
1102,2024-09-06 22:30:01,0.0,0.9,NE,43
1103,2024-09-06 22:35:01,0.8,1.8,NNE,30
1104,2024-09-06 22:40:00,0.8,2.6,NNE,14
1105,2024-09-06 22:45:01,0.0,2.6,N,0
1106,2024-09-06 22:50:01,0.0,1.8,N,350
1107,2024-09-06 22:55:00,0.0,0.8,N,358
1108,2024-09-06 23:00:00,0.0,0.9,NNE,15
1109,2024-09-06 23:05:00,0.0,0.9,NNE,15
1110,2024-09-06 23:10:00,0.0,0.0,NNE,17
1111,2024-09-06 23:15:00,0.0,0.0,NNE,22
1112,2024-09-07 00:00:00,0.0,0.0,NNW,347
1113,2024-09-07 00:05:01,0.0,0.0,NNW,345
1114,2024-09-07 00:10:01,0.0,0.0,NNW,345
1115,2024-09-07 00:15:01,0.0,0.0,N,357
1116,2024-09-07 00:20:00,0.0,0.0,N,10
1117,2024-09-07 00:25:00,0.0,0.0,N,11
1118,2024-09-07 00:30:00,0.0,0.0,N,11
1119,2024-09-07 00:35:00,0.0,0.0,NNE,13
1120,2024-09-07 00:40:00,0.0,0.0,N,4
1121,2024-09-07 00:45:00,0.0,1.8,NNW,348
1122,2024-09-07 00:50:00,0.8,1.8,NNW,338
1123,2024-09-07 00:55:00,1.8,2.5,NNW,335
1124,2024-09-07 01:00:00,1.8,3.5,NNW,336
1125,2024-09-07 01:05:00,1.8,3.5,NNW,337
1126,2024-09-07 01:10:00,1.8,2.5,NNW,335
1127,2024-09-07 01:15:00,0.8,2.5,NNW,334
1128,2024-09-07 01:20:01,0.8,3.5,NNW,338
1129,2024-09-07 01:25:01,1.8,3.5,NNW,339
1130,2024-09-07 01:30:01,0.8,3.5,NNW,337
1131,2024-09-07 01:35:00,1.8,3.5,NNW,343
1132,2024-09-07 01:40:01,1.8,3.5,N,352
1133,2024-09-07 01:45:01,0.8,2.5,NNW,346
1134,2024-09-07 01:50:00,0.0,1.8,NNW,347
1135,2024-09-07 01:55:02,0.0,0.0,N,356
1136,2024-09-07 02:00:01,0.0,0.0,NNW,348
1137,2024-09-07 02:05:01,0.0,0.0,NNW,343
1138,2024-09-07 02:10:02,0.0,0.0,NNW,348
1139,2024-09-07 02:15:02,0.0,0.0,N,354
1140,2024-09-07 02:20:02,0.0,0.0,N,351
1141,2024-09-07 02:25:02,0.0,0.0,NNW,347
1142,2024-09-07 02:30:02,0.0,0.0,NNW,343
1143,2024-09-07 02:35:02,0.0,0.0,NNW,341
1144,2024-09-07 02:40:02,0.0,0.0,NNW,340
1145,2024-09-07 02:45:02,0.0,0.0,NNW,343
1146,2024-09-07 02:50:02,0.0,0.0,N,354
1147,2024-09-07 02:55:01,0.0,0.0,N,3
1148,2024-09-07 03:00:02,0.0,0.0,N,9
1149,2024-09-07 03:05:01,0.0,0.0,NNE,19
1150,2024-09-07 03:10:02,0.0,0.0,NNE,27
1151,2024-09-07 03:15:02,0.0,0.0,NNE,27
1152,2024-09-07 03:20:01,0.0,0.0,NNE,18
1153,2024-09-07 03:25:01,0.0,0.0,NNE,24
1154,2024-09-07 03:30:02,0.0,2.5,NE,43
1155,2024-09-07 03:35:01,0.8,4.3,NE,45
1156,2024-09-07 03:40:01,1.8,4.3,NE,39
1157,2024-09-07 03:45:01,1.8,3.5,NE,34
1158,2024-09-07 03:50:01,1.8,3.5,NNE,32
1159,2024-09-07 03:55:01,0.8,3.5,NNE,24
1160,2024-09-07 04:00:02,0.0,1.8,NNE,22
1161,2024-09-07 04:05:00,0.0,1.8,NNE,27
1162,2024-09-07 04:10:01,0.0,1.8,NNE,25
1163,2024-09-07 04:15:02,0.0,1.8,NNE,25
1164,2024-09-07 07:20:00,0.0,0.0,NNE,26
1165,2024-09-07 07:25:00,0.0,0.0,NNE,27
1166,2024-09-07 07:30:00,0.0,0.0,NNE,28
1167,2024-09-07 07:35:00,0.0,2.6,NNE,32
1168,2024-09-07 07:40:01,0.8,3.5,NE,36
1169,2024-09-07 07:45:01,0.8,3.5,NE,41
1170,2024-09-07 07:50:01,1.8,3.5,NE,43
1171,2024-09-07 07:55:01,2.5,4.3,NE,43
1172,2024-09-07 08:00:02,2.5,4.3,NE,38
1173,2024-09-07 08:05:01,2.5,4.3,NNE,30
1174,2024-09-07 08:10:02,1.8,4.3,NNE,29
1175,2024-09-07 08:15:02,0.8,3.5,NNE,32
1176,2024-09-07 08:20:01,0.0,2.5,NNE,29
1177,2024-09-07 08:25:02,0.0,1.8,NNE,32
1178,2024-09-07 08:30:02,0.0,1.8,NE,34
1179,2024-09-07 08:35:01,0.0,3.5,NNE,33
1180,2024-09-07 08:40:02,0.8,4.3,NE,43
1181,2024-09-07 08:45:00,1.8,4.3,NE,50
1182,2024-09-07 08:50:01,2.5,4.3,NE,50
1183,2024-09-07 08:55:01,0.8,3.5,NE,51
1184,2024-09-07 09:00:00,0.0,0.0,NE,50
1185,2024-09-07 09:05:00,0.0,0.0,NE,50
1186,2024-09-07 09:10:00,0.0,0.0,NE,55
1187,2024-09-07 09:15:01,0.0,0.0,ENE,59
1188,2024-09-07 09:20:00,0.0,0.0,ENE,60
1189,2024-09-07 09:25:01,0.8,4.3,ENE,67
1190,2024-09-07 09:30:01,2.5,5.2,ENE,75
1191,2024-09-07 09:35:02,3.5,5.2,ENE,74
1192,2024-09-07 09:40:02,3.5,6.1,ENE,77
1193,2024-09-07 09:45:01,3.5,6.1,E,81
1194,2024-09-07 09:50:01,4.3,6.0,E,86
1195,2024-09-07 09:55:00,4.3,6.0,E,88
1196,2024-09-07 10:00:01,3.5,5.2,E,88
1197,2024-09-07 10:05:00,3.5,4.3,E,86
1198,2024-09-07 10:10:01,2.5,3.5,E,83
1199,2024-09-07 10:15:01,2.5,3.5,E,81
1200,2024-09-07 10:20:01,2.5,3.5,E,79
1201,2024-09-07 10:25:00,2.5,4.3,E,80
1202,2024-09-07 10:30:01,2.5,4.3,E,90
1203,2024-09-07 10:35:00,2.5,5.2,E,98
1204,2024-09-07 10:40:01,3.5,5.2,E,100
1205,2024-09-07 10:45:00,3.5,5.2,E,100
1206,2024-09-07 10:50:01,3.5,5.2,E,101
1207,2024-09-07 10:55:01,4.3,6.1,ESE,102
1208,2024-09-07 11:00:01,4.3,6.1,E,100
1209,2024-09-07 11:05:00,4.3,5.2,E,100
1210,2024-09-07 11:10:01,3.5,5.2,E,98
1211,2024-09-07 11:15:01,4.3,6.0,E,95
1212,2024-09-07 11:20:01,5.2,6.0,E,98
1213,2024-09-07 11:25:00,5.2,6.0,E,101
1214,2024-09-07 11:30:00,4.3,6.0,E,100
1215,2024-09-07 11:35:00,4.3,6.0,ESE,102
1216,2024-09-07 11:40:00,4.3,6.0,E,101
1217,2024-09-07 11:45:00,4.3,6.0,ESE,102
1218,2024-09-07 11:50:00,5.2,6.0,ESE,107
1219,2024-09-07 11:55:00,5.2,6.0,ESE,108
1220,2024-09-07 12:00:00,5.2,6.0,ESE,111
1221,2024-09-07 12:05:00,4.3,6.0,ESE,115
1222,2024-09-07 12:10:00,4.3,6.0,ESE,116
1223,2024-09-07 12:15:00,4.3,5.2,ESE,113
1224,2024-09-07 12:20:00,4.3,5.2,ESE,111
1225,2024-09-07 12:25:00,2.5,3.5,ESE,104
1226,2024-09-07 12:30:00,1.8,3.5,ESE,103
1227,2024-09-07 12:35:00,0.8,2.5,ESE,104
1228,2024-09-07 12:40:00,0.0,0.0,ESE,105
1229,2024-09-07 12:45:00,0.0,0.0,ESE,105
1230,2024-09-07 12:50:00,0.0,0.0,E,98
1231,2024-09-07 12:55:00,0.0,0.0,E,93
1232,2024-09-07 13:00:01,0.0,0.0,E,90
1233,2024-09-07 13:05:01,0.0,0.0,E,98
1234,2024-09-07 13:10:01,0.0,0.0,ESE,113
1235,2024-09-07 13:15:00,0.0,3.5,SE,126
1236,2024-09-07 13:20:00,0.8,5.2,SE,127
1237,2024-09-07 13:25:01,2.5,5.2,ESE,120
1238,2024-09-07 13:30:00,2.5,5.2,ESE,113
1239,2024-09-07 13:35:00,2.5,5.2,ESE,106
1240,2024-09-07 13:40:00,0.8,5.2,ESE,108
1241,2024-09-07 13:45:01,0.0,0.0,ESE,119
1242,2024-09-07 13:50:01,0.0,0.0,SE,129
1243,2024-09-07 13:55:01,0.0,0.0,SE,129
1244,2024-09-07 14:00:00,0.0,0.0,SE,128
1245,2024-09-07 14:05:00,0.0,0.0,SE,133
1246,2024-09-07 14:10:00,1.8,7.0,SSE,162
1247,2024-09-07 14:15:01,4.3,7.8,S,179
1248,2024-09-07 14:20:00,6.0,7.8,S,176
1249,2024-09-07 14:25:01,6.0,7.8,S,178
1250,2024-09-07 14:30:00,6.0,8.7,S,175
1251,2024-09-07 14:35:00,6.0,8.7,S,175
1252,2024-09-07 14:40:00,6.0,9.6,S,173
1253,2024-09-07 14:45:00,7.0,9.6,S,169
1254,2024-09-07 14:50:00,7.8,10.5,S,172
1255,2024-09-07 14:55:00,7.8,10.5,S,174
1256,2024-09-07 15:00:00,7.8,10.5,S,172
1257,2024-09-07 15:05:00,7.8,10.5,S,171
1258,2024-09-07 15:10:00,7.8,11.3,S,171
1259,2024-09-07 15:15:00,7.8,11.3,SSE,168
1260,2024-09-07 15:20:01,7.0,9.5,SSE,167
1261,2024-09-07 15:25:00,7.0,9.5,SSE,168
1262,2024-09-07 15:30:00,7.8,10.5,SSE,167
1263,2024-09-07 15:35:00,7.8,10.5,SSE,167
1264,2024-09-07 15:40:00,7.8,10.5,S,172
1265,2024-09-07 15:45:01,7.8,11.3,S,171
1266,2024-09-07 15:50:00,8.7,11.3,SSE,168
1267,2024-09-07 15:55:01,7.8,10.5,S,170
1268,2024-09-07 16:00:00,7.8,10.5,S,171
1269,2024-09-07 16:05:00,7.8,11.3,SSE,168
1270,2024-09-07 16:10:00,8.7,11.3,SSE,167
1271,2024-09-07 16:15:00,7.8,10.5,SSE,162
1272,2024-09-07 16:20:00,7.0,9.5,SSE,155
1273,2024-09-07 16:25:00,7.0,10.5,SSE,159
1274,2024-09-07 16:30:00,7.0,10.5,SSE,164
1275,2024-09-07 16:35:00,7.0,10.5,SSE,160
1276,2024-09-07 16:40:00,7.0,9.5,SSE,161
1277,2024-09-07 16:45:00,7.8,10.5,SSE,167
1278,2024-09-07 16:50:00,7.0,10.5,S,170
1279,2024-09-07 16:55:01,7.0,10.5,SSE,167
1280,2024-09-07 17:00:01,7.8,10.5,SSE,162
1281,2024-09-07 17:05:00,7.8,10.5,SSE,163
1282,2024-09-07 17:10:01,7.8,10.5,SSE,165
1283,2024-09-07 17:15:00,7.8,10.5,SSE,163
1284,2024-09-07 17:20:01,7.8,10.5,SSE,159
1285,2024-09-07 17:25:00,7.0,9.5,SSE,155
1286,2024-09-07 17:30:00,7.0,10.5,SSE,158
1287,2024-09-07 17:35:00,7.0,10.5,SSE,164
1288,2024-09-07 17:40:00,7.8,10.5,SSE,168
1289,2024-09-07 17:45:01,8.7,10.5,S,172
1290,2024-09-07 17:50:00,8.7,12.2,S,170
1291,2024-09-07 17:55:01,8.7,12.2,S,170
1292,2024-09-07 18:00:01,8.7,12.2,S,169
1293,2024-09-07 18:05:01,8.7,12.2,S,169
1294,2024-09-07 18:10:00,7.8,12.2,S,169
1295,2024-09-07 18:15:01,7.8,11.3,SSE,166
1296,2024-09-07 18:20:01,7.8,10.5,SSE,168
1297,2024-09-07 18:25:01,7.8,10.5,S,175
1298,2024-09-07 18:30:01,7.0,9.5,S,177
1299,2024-09-07 18:35:00,7.8,9.5,S,176
1300,2024-09-07 18:40:00,7.8,9.5,S,179
1301,2024-09-07 18:45:01,7.8,11.3,S,179
1302,2024-09-07 18:50:01,7.8,11.3,S,178
1303,2024-09-07 18:55:01,7.8,11.3,S,178
1304,2024-09-07 19:00:02,7.8,11.3,S,179
1305,2024-09-07 19:05:02,7.0,10.5,S,179
1306,2024-09-07 19:10:01,7.0,10.5,S,176
1307,2024-09-07 19:15:00,7.0,9.5,S,173
1308,2024-09-07 19:20:01,7.0,9.5,SSE,167
1309,2024-09-07 19:25:01,7.0,9.5,SSE,164
1310,2024-09-07 19:30:01,7.0,9.5,S,169
1311,2024-09-07 19:35:00,7.0,9.5,S,173
1312,2024-09-07 19:40:00,7.0,9.5,S,172
1313,2024-09-07 19:45:01,7.0,9.5,S,169
1314,2024-09-07 19:50:02,7.0,9.5,S,170
1315,2024-09-07 19:55:02,7.8,9.5,S,172
1316,2024-09-07 20:00:02,7.0,9.5,SSE,168
1317,2024-09-07 20:05:00,7.0,9.5,SSE,167
1318,2024-09-07 20:10:01,6.0,9.5,S,173
1319,2024-09-07 20:15:01,5.2,8.7,S,174
1320,2024-09-07 20:20:01,5.2,7.8,S,171
1321,2024-09-07 20:25:01,5.2,7.8,S,171
1322,2024-09-07 20:30:01,5.2,7.8,SSE,165
1323,2024-09-07 20:35:01,4.3,7.0,SSE,159
1324,2024-09-07 20:40:00,5.2,7.0,SSE,162
1325,2024-09-07 20:45:00,5.2,7.0,S,169
1326,2024-09-07 20:50:00,5.2,7.0,S,175
1327,2024-09-07 20:55:00,6.0,7.8,S,173
1328,2024-09-07 21:00:00,6.0,7.8,S,175
1329,2024-09-07 21:05:00,5.2,7.0,S,179
1330,2024-09-07 21:10:00,5.2,7.0,S,182
1331,2024-09-07 21:15:01,5.2,7.8,S,180
1332,2024-09-07 21:20:00,5.2,7.8,S,174
1333,2024-09-07 21:25:00,5.2,7.8,S,170
1334,2024-09-07 21:30:01,6.0,8.7,S,171
1335,2024-09-07 21:35:00,6.0,8.7,S,173
1336,2024-09-07 21:40:00,7.0,8.7,S,169
1337,2024-09-07 21:45:00,7.0,8.7,SSE,168
1338,2024-09-07 21:50:00,7.0,8.7,S,174
1339,2024-09-07 21:55:00,7.0,9.6,S,179
1340,2024-09-07 22:00:00,7.0,9.6,S,183
1341,2024-09-07 22:05:00,7.0,9.5,S,189
1342,2024-09-07 22:10:00,7.8,9.5,SSW,193
1343,2024-09-07 22:15:00,7.8,9.5,SSW,198
1344,2024-09-07 22:20:00,7.8,9.5,SSW,197
1345,2024-09-07 22:25:00,7.0,9.5,SSW,196
1346,2024-09-07 22:30:00,7.0,8.7,SSW,199
1347,2024-09-07 22:35:00,7.0,8.7,SSW,201
1348,2024-09-07 22:40:01,7.0,8.7,SSW,200
1349,2024-09-07 22:45:01,7.0,8.7,SSW,197
1350,2024-09-07 22:50:00,7.0,9.5,SSW,199
1351,2024-09-07 22:55:00,7.8,9.5,SSW,202
1352,2024-09-07 23:00:00,7.8,9.5,SSW,206
1353,2024-09-07 23:05:00,7.0,9.5,SSW,212
1354,2024-09-07 23:10:00,6.0,8.7,SW,222
1355,2024-09-07 23:15:00,5.2,7.8,SW,227
1356,2024-09-08 00:00:00,0.8,1.8,SW,223
1357,2024-09-08 00:05:00,0.0,1.8,WSW,238
1358,2024-09-08 00:10:00,0.0,0.8,W,272
1359,2024-09-08 00:15:01,0.0,2.5,WNW,300
1360,2024-09-08 00:20:01,0.8,2.5,NW,323
1361,2024-09-08 00:25:01,0.0,1.8,NNW,328
1362,2024-09-08 00:30:01,0.0,0.8,NW,312
1363,2024-09-08 00:35:00,0.8,2.6,NW,324
1364,2024-09-08 00:40:01,1.8,2.6,NNW,345
1365,2024-09-08 00:45:00,0.8,2.5,NNW,347
1366,2024-09-08 00:50:01,0.0,1.8,NNW,339
1367,2024-09-08 00:55:01,0.0,1.8,NNW,336
1368,2024-09-08 01:00:00,0.8,1.8,NNW,341
1369,2024-09-08 01:05:00,0.8,2.6,NNW,342
1370,2024-09-08 01:10:00,1.8,3.5,NNW,336
1371,2024-09-08 01:15:00,1.8,3.5,NNW,340
1372,2024-09-08 01:20:00,1.8,3.5,NNW,346
1373,2024-09-08 01:25:00,0.8,1.8,NNW,344
1374,2024-09-08 01:30:01,0.0,1.8,NNW,348
1375,2024-09-08 01:35:01,0.0,0.0,N,3
1376,2024-09-08 01:40:01,0.0,0.0,N,8
1377,2024-09-08 01:45:01,0.0,0.0,N,6
1378,2024-09-08 01:50:01,0.0,0.0,N,5
1379,2024-09-08 01:55:01,0.0,0.0,N,5
1380,2024-09-08 02:00:01,0.0,0.0,N,5
1381,2024-09-08 02:05:01,0.0,0.0,N,5
1382,2024-09-08 02:10:01,0.0,0.0,N,5
1383,2024-09-08 02:15:00,0.0,0.0,N,5
1384,2024-09-08 02:20:00,0.0,0.0,N,5
1385,2024-09-08 02:25:00,0.0,0.0,N,6
1386,2024-09-08 02:30:00,0.0,0.0,N,10
1387,2024-09-08 02:35:00,0.0,0.0,NNE,14
1388,2024-09-08 02:40:00,0.0,0.0,NNE,14
1389,2024-09-08 02:45:00,0.0,0.0,NNE,14
1390,2024-09-08 02:50:00,0.0,0.0,NNE,14
1391,2024-09-08 02:55:00,0.0,0.0,NNE,23
1392,2024-09-08 03:00:00,0.0,0.0,NE,47
1393,2024-09-08 03:05:01,0.0,0.0,ENE,61
1394,2024-09-08 03:10:00,0.8,5.2,ENE,62
1395,2024-09-08 03:15:00,3.5,7.0,ENE,60
1396,2024-09-08 03:20:00,3.5,7.0,NE,56
1397,2024-09-08 03:25:01,1.8,4.3,NE,53
1398,2024-09-08 03:30:01,0.8,3.5,NE,43
1399,2024-09-08 03:35:01,0.8,2.5,NNE,30
1400,2024-09-08 03:40:00,0.0,3.5,NE,36
1401,2024-09-08 03:45:01,0.8,4.3,NE,51
1402,2024-09-08 03:50:00,1.8,4.3,ENE,58
1403,2024-09-08 03:55:00,0.0,0.0,NE,52
1404,2024-09-08 04:00:00,0.0,0.0,NE,43
1405,2024-09-08 04:05:00,0.0,0.0,NE,42
1406,2024-09-08 04:10:01,0.0,0.0,NE,42
1407,2024-09-08 04:15:02,0.0,0.0,NE,42
1408,2024-09-08 07:50:02,0.0,7.8,N,0
1409,2024-09-08 07:55:01,4.3,7.8,N,6
1410,2024-09-08 08:00:01,4.3,7.0,N,10
1411,2024-09-08 08:05:01,4.3,7.0,NNE,14
1412,2024-09-08 08:10:01,4.3,7.0,NNE,20
1413,2024-09-08 08:15:01,5.2,7.8,NNE,20
1414,2024-09-08 08:20:01,5.2,7.8,NNE,21
1415,2024-09-08 08:25:00,4.3,7.0,NNE,28
1416,2024-09-08 08:30:01,4.3,7.0,NE,34
1417,2024-09-08 08:35:01,3.5,7.0,NNE,31
1418,2024-09-08 08:40:01,3.5,7.0,NNE,22
1419,2024-09-08 08:45:01,3.5,4.3,NNE,12
1420,2024-09-08 08:50:00,3.5,4.3,NNE,14
1421,2024-09-08 08:55:01,2.5,4.3,NNE,26
1422,2024-09-08 09:00:01,2.5,7.0,NE,40
1423,2024-09-08 09:05:01,3.5,7.0,NE,46
1424,2024-09-08 09:10:01,3.5,5.2,NE,37
1425,2024-09-08 09:15:02,3.5,6.0,NNE,26
1426,2024-09-08 09:20:01,3.5,6.0,NNE,27
1427,2024-09-08 09:25:02,3.5,5.2,NE,37
1428,2024-09-08 09:30:02,2.5,5.2,NE,42
1429,2024-09-08 09:35:02,3.5,5.2,NE,45
1430,2024-09-08 09:40:02,3.5,7.0,NE,50
1431,2024-09-08 09:45:01,4.3,7.8,NE,55
1432,2024-09-08 09:50:01,5.2,7.8,NE,56
1433,2024-09-08 09:55:01,4.3,7.8,NE,53
1434,2024-09-08 10:00:00,4.3,7.8,NE,53
1435,2024-09-08 10:05:00,4.3,7.8,NE,55
1436,2024-09-08 10:10:01,5.2,7.8,ENE,59
1437,2024-09-08 10:15:01,5.2,8.7,ENE,60
1438,2024-09-08 10:20:00,6.0,8.7,NE,52
1439,2024-09-08 10:25:00,6.0,10.5,NE,48
1440,2024-09-08 10:30:00,7.0,11.3,NE,49
1441,2024-09-08 10:35:01,7.0,10.5,NE,44
1442,2024-09-08 10:40:02,6.0,9.5,NE,44
1443,2024-09-08 10:45:00,6.0,8.7,NE,51
1444,2024-09-08 10:50:01,6.0,9.6,NE,56
1445,2024-09-08 10:55:01,7.0,10.5,ENE,62
1446,2024-09-08 11:00:01,7.0,10.5,ENE,69
1447,2024-09-08 11:05:01,7.0,10.5,ENE,68
1448,2024-09-08 11:10:01,7.8,10.5,ENE,70
1449,2024-09-08 11:15:01,8.7,11.3,ENE,75
1450,2024-09-08 11:20:00,8.7,11.3,ENE,73
1451,2024-09-08 11:25:00,7.8,10.5,ENE,72
1452,2024-09-08 11:30:02,7.8,10.5,ENE,73
1453,2024-09-08 11:35:00,8.7,11.3,ENE,74
1454,2024-09-08 11:40:01,9.5,11.3,ENE,75
1455,2024-09-08 11:45:00,9.5,11.3,ENE,74
1456,2024-09-08 11:50:01,9.5,11.3,ENE,74
1457,2024-09-08 11:55:00,9.5,11.3,ENE,76
1458,2024-09-08 12:00:01,9.5,11.3,ENE,77
1459,2024-09-08 12:05:00,9.5,12.2,ENE,76
1460,2024-09-08 12:10:00,8.7,12.2,ENE,72
1461,2024-09-08 12:15:00,7.8,9.5,ENE,73
1462,2024-09-08 12:20:00,7.8,10.5,ENE,75
1463,2024-09-08 12:25:00,7.8,10.5,ENE,76
1464,2024-09-08 12:30:00,7.0,9.6,ENE,75
1465,2024-09-08 12:35:00,7.0,9.6,ENE,72
1466,2024-09-08 12:40:00,7.0,10.5,ENE,71
1467,2024-09-08 12:45:00,7.0,10.5,ENE,70
1468,2024-09-08 12:50:00,7.0,9.5,ENE,70
1469,2024-09-08 12:55:00,7.0,9.5,ENE,69
1470,2024-09-08 13:00:00,7.8,9.5,ENE,72
1471,2024-09-08 13:05:00,7.8,9.5,E,79
1472,2024-09-08 13:10:00,7.8,9.5,E,82
1473,2024-09-08 13:15:00,7.8,12.2,E,93
1474,2024-09-08 13:20:00,9.5,12.2,ESE,106
1475,2024-09-08 13:25:00,10.5,12.2,ESE,109
1476,2024-09-08 13:30:01,9.5,12.2,ESE,108
1477,2024-09-08 13:35:01,7.0,9.5,E,101
1478,2024-09-08 13:40:00,7.0,8.7,E,90
1479,2024-09-08 13:45:00,7.8,9.6,E,86
1480,2024-09-08 13:50:00,8.7,10.5,E,83
1481,2024-09-08 13:55:00,8.7,10.5,E,80
1482,2024-09-08 14:00:00,8.7,10.5,ENE,76
1483,2024-09-08 14:05:00,7.8,9.5,ENE,72
1484,2024-09-08 14:10:00,7.0,8.7,ENE,71
1485,2024-09-08 14:15:01,7.0,8.7,ENE,73
1486,2024-09-08 14:20:00,7.0,8.7,ENE,77
1487,2024-09-08 14:25:00,7.0,8.7,E,79
1488,2024-09-08 14:30:01,7.0,8.7,E,80
1489,2024-09-08 14:35:00,7.0,8.7,E,82
1490,2024-09-08 14:40:01,7.8,9.6,E,83
1491,2024-09-08 14:45:01,7.8,9.6,E,82
1492,2024-09-08 14:50:00,7.8,9.5,ENE,75
1493,2024-09-08 14:55:00,7.8,9.5,ENE,67
1494,2024-09-08 15:00:00,6.0,9.5,ENE,58
1495,2024-09-08 15:05:00,4.3,7.8,NE,44
1496,2024-09-08 15:10:00,2.5,5.2,NNE,31
1497,2024-09-08 15:15:00,0.8,3.5,N,6
1498,2024-09-08 15:20:00,1.8,2.5,N,354
1499,2024-09-08 15:25:00,2.5,5.2,NNE,14
1500,2024-09-08 15:30:00,4.3,7.0,NNE,29
1501,2024-09-08 15:35:00,4.3,7.0,NNE,16
1502,2024-09-08 15:40:00,3.5,4.3,N,357
1503,2024-09-08 15:45:00,3.5,5.2,N,10
1504,2024-09-08 15:50:01,3.5,5.2,NNE,32
1505,2024-09-08 15:55:01,3.5,5.2,NE,42
1506,2024-09-08 16:00:00,3.5,5.2,NE,46
1507,2024-09-08 16:05:00,2.5,5.2,NE,48
1508,2024-09-08 16:10:00,1.8,3.5,NE,38
1509,2024-09-08 16:15:01,0.0,1.8,NNE,12
1510,2024-09-08 16:20:00,0.8,4.3,NNW,348
1511,2024-09-08 16:25:01,2.5,4.3,N,0
1512,2024-09-08 16:30:00,4.3,7.8,NNE,13
1513,2024-09-08 16:35:00,5.2,8.7,NNE,24
1514,2024-09-08 16:40:00,5.2,8.7,NE,46
1515,2024-09-08 16:45:00,7.0,10.5,ENE,60
1516,2024-09-08 16:50:00,7.8,10.5,ENE,66
1517,2024-09-08 16:55:00,7.8,10.5,ENE,71
1518,2024-09-08 17:00:00,7.8,10.5,E,79
1519,2024-09-08 17:05:00,8.7,13.0,E,87
1520,2024-09-08 17:10:00,10.5,14.0,E,87
1521,2024-09-08 17:15:00,12.2,16.5,E,82
1522,2024-09-08 17:20:00,14.0,16.5,E,85
1523,2024-09-08 17:25:01,13.0,16.5,E,93
1524,2024-09-08 17:30:01,12.2,15.6,ESE,105
1525,2024-09-08 17:35:00,11.3,14.0,ESE,116
1526,2024-09-08 17:40:00,10.5,13.0,ESE,117
1527,2024-09-08 17:45:00,11.3,14.0,ESE,109
1528,2024-09-08 17:50:01,10.5,14.0,ESE,103
1529,2024-09-08 17:55:01,10.5,13.0,ESE,102
1530,2024-09-08 18:00:01,10.5,13.0,E,100
1531,2024-09-08 18:05:00,10.5,11.3,E,94
1532,2024-09-08 18:10:00,10.5,11.3,E,89
1533,2024-09-08 18:15:00,9.5,11.3,E,87
1534,2024-09-08 18:20:00,9.5,11.3,E,88
1535,2024-09-08 18:25:00,9.5,13.0,E,94
1536,2024-09-08 18:30:00,11.3,14.0,ESE,102
1537,2024-09-08 18:35:00,11.3,14.0,ESE,110
1538,2024-09-08 18:40:00,10.5,13.0,ESE,116
1539,2024-09-08 18:45:00,9.5,11.3,ESE,120
1540,2024-09-08 18:50:00,7.0,10.5,SE,139
1541,2024-09-08 18:55:00,5.2,9.6,S,182
1542,2024-09-08 19:00:01,4.3,9.6,SW,226
1543,2024-09-08 19:05:01,3.5,7.0,WSW,256
1544,2024-09-08 19:10:00,1.8,3.5,W,276
1545,2024-09-08 19:15:01,0.8,2.5,WNW,290
1546,2024-09-08 19:20:01,1.8,6.0,WNW,298
1547,2024-09-08 19:25:01,2.5,6.0,NW,305
1548,2024-09-08 19:30:00,2.5,5.2,NW,317
1549,2024-09-08 19:35:00,3.5,7.8,NW,320
1550,2024-09-08 19:40:01,3.5,7.8,NW,318
1551,2024-09-08 19:45:00,2.5,5.2,NW,308
1552,2024-09-08 19:50:00,2.5,6.0,WNW,299
1553,2024-09-08 19:55:00,2.5,6.0,NW,304
1554,2024-09-08 20:00:01,1.8,6.1,NW,317
1555,2024-09-08 20:05:01,0.8,6.1,NW,321
1556,2024-09-08 20:10:02,0.8,2.5,NNW,334
1557,2024-09-08 20:15:02,0.8,4.3,NNE,20
1558,2024-09-08 20:20:01,3.5,8.7,ENE,57
1559,2024-09-08 20:25:02,7.0,12.2,ENE,63
1560,2024-09-08 20:30:01,8.7,12.2,ENE,69
1561,2024-09-08 20:35:02,8.7,11.3,ENE,75
1562,2024-09-08 20:40:01,9.5,13.0,E,82
1563,2024-09-08 20:45:01,11.3,15.6,E,84
1564,2024-09-08 20:50:01,12.2,15.6,E,79
1565,2024-09-08 20:55:01,13.0,15.6,ENE,71
1566,2024-09-08 21:00:02,12.2,16.5,ENE,68
1567,2024-09-08 21:05:01,11.3,16.5,ENE,64
1568,2024-09-08 21:10:01,9.5,14.0,ENE,58
1569,2024-09-08 21:15:01,8.7,13.0,NE,53
1570,2024-09-08 21:20:01,7.8,12.2,NE,45
1571,2024-09-08 21:25:01,7.0,10.5,NE,34
1572,2024-09-08 21:30:01,6.0,9.5,NNE,20
1573,2024-09-08 21:35:00,4.3,7.8,N,352
1574,2024-09-08 21:40:01,3.5,5.2,NNW,330
1575,2024-09-08 21:45:02,1.8,5.2,NW,322
1576,2024-09-08 21:50:01,0.8,2.5,NNW,334
1577,2024-09-08 21:55:01,1.8,5.2,NNE,33
1578,2024-09-08 22:00:00,2.5,5.2,ENE,57
1579,2024-09-08 22:05:02,1.8,3.5,ENE,64
1580,2024-09-08 22:10:01,1.8,4.3,ENE,58
1581,2024-09-08 22:15:00,0.8,4.3,ENE,58
1582,2024-09-08 22:20:00,2.5,7.0,E,86
1583,2024-09-08 22:25:00,4.3,7.0,E,95
1584,2024-09-08 22:30:01,4.3,7.0,ENE,72
1585,2024-09-08 22:35:00,3.5,7.0,NE,42
1586,2024-09-08 22:40:01,3.5,7.0,NNE,30
1587,2024-09-08 22:45:00,3.5,7.0,NNE,33
1588,2024-09-08 22:50:01,3.5,7.0,NE,49
1589,2024-09-08 22:55:00,4.3,7.8,ENE,61
1590,2024-09-08 23:00:00,6.0,12.2,ENE,59
1591,2024-09-08 23:05:01,10.5,17.3,E,84
1592,2024-09-08 23:10:00,13.0,17.3,ESE,121
1593,2024-09-09 00:00:00,10.5,13.0,SE,139
1594,2024-09-09 00:05:00,9.5,13.0,SSE,147
1595,2024-09-09 00:10:00,7.8,10.5,SSE,162
1596,2024-09-09 00:15:00,6.0,9.5,SSE,166
1597,2024-09-09 00:20:00,4.3,8.7,SSE,165
1598,2024-09-09 00:25:00,5.2,14.0,S,177
1599,2024-09-09 00:30:01,7.0,14.0,S,184
1600,2024-09-09 00:35:00,7.0,9.5,S,189
1601,2024-09-09 00:40:01,6.0,9.6,SSW,195
1602,2024-09-09 00:45:01,6.0,9.6,SSW,196
1603,2024-09-09 00:50:02,6.0,6.0,SSW,197
1604,2024-09-09 00:55:01,6.0,6.0,SSW,197
1605,2024-09-09 08:10:00,6.0,13.9,NNW,327
1606,2024-09-09 08:15:01,6.0,13.9,NNW,327
1607,2024-09-09 08:20:01,6.0,10.5,NW,323
1608,2024-09-09 08:25:02,6.0,10.5,NW,322
1609,2024-09-09 08:30:01,7.0,10.5,NNW,329
1610,2024-09-09 08:35:02,7.8,13.9,NNW,340
1611,2024-09-09 08:40:01,8.7,13.9,N,350
1612,2024-09-09 08:45:01,7.8,11.3,N,350
1613,2024-09-09 08:50:01,7.0,11.3,NNW,344
1614,2024-09-09 08:55:02,6.0,10.4,NNW,345
1615,2024-09-09 09:00:01,6.0,10.4,N,351
1616,2024-09-09 09:05:00,6.0,8.7,N,357
1617,2024-09-09 09:10:01,5.2,8.7,N,358
1618,2024-09-09 09:15:01,4.3,8.7,N,2
1619,2024-09-09 09:20:02,6.0,8.7,N,10
1620,2024-09-09 09:25:01,6.0,8.7,N,2
1621,2024-09-09 09:30:01,5.2,8.7,N,350
1622,2024-09-09 09:35:01,4.3,8.7,N,0
1623,2024-09-09 09:40:02,1.8,7.0,NNE,20
1624,2024-09-09 09:45:01,0.0,0.0,NE,37
1625,2024-09-09 09:50:02,0.0,0.0,NE,44
1626,2024-09-09 09:55:02,0.0,0.0,NNE,33
1627,2024-09-09 10:00:02,0.0,0.0,NNE,12
1628,2024-09-09 10:05:00,0.0,0.0,N,351
1629,2024-09-09 10:10:00,0.0,0.0,NNW,336
1630,2024-09-09 10:15:00,0.0,0.0,WSW,247
1631,2024-09-09 10:20:00,0.0,0.0,SW,230
1632,2024-09-09 10:25:01,0.0,0.0,SW,235
1633,2024-09-09 10:30:01,0.0,0.0,WSW,244
1634,2024-09-09 10:35:01,0.0,3.5,WSW,255
1635,2024-09-09 10:40:00,0.8,7.0,W,261
1636,2024-09-09 10:45:01,0.8,7.0,WSW,252
1637,2024-09-09 10:50:01,0.0,5.2,WSW,257
1638,2024-09-09 10:55:02,0.0,5.2,W,268
1639,2024-09-09 11:00:02,0.0,5.2,W,261
1640,2024-09-09 11:05:02,0.0,0.0,WSW,252
1641,2024-09-09 11:10:02,0.0,0.0,WSW,258
1642,2024-09-09 11:15:01,0.0,0.0,WSW,255
1643,2024-09-09 11:20:01,0.0,0.0,WSW,246
1644,2024-09-09 11:25:01,0.0,0.0,WSW,248
1645,2024-09-09 11:30:02,0.0,0.0,WSW,254
1646,2024-09-09 11:35:01,0.0,0.0,W,268
1647,2024-09-09 11:40:00,0.0,0.8,W,275
1648,2024-09-09 11:45:01,0.0,0.8,W,261
1649,2024-09-09 11:50:00,0.0,0.0,W,262
1650,2024-09-09 11:55:01,0.8,12.2,WSW,257
1651,2024-09-09 12:00:00,0.8,12.2,WSW,245
1652,2024-09-09 12:05:01,0.0,0.0,W,259
1653,2024-09-09 12:10:01,0.0,0.0,W,262
1654,2024-09-09 12:15:01,0.0,0.0,WSW,256
1655,2024-09-09 12:20:01,0.0,0.0,WSW,253
1656,2024-09-09 12:25:01,0.0,0.0,WSW,253
1657,2024-09-09 12:30:02,0.0,0.0,WSW,251
1658,2024-09-09 12:35:01,0.0,0.0,WSW,239
1659,2024-09-09 12:40:01,0.0,0.0,SW,234
1660,2024-09-09 12:45:01,0.0,0.0,SW,227
1661,2024-09-09 12:50:01,0.0,0.0,WSW,241
1662,2024-09-09 12:55:02,0.0,0.0,WSW,257
1663,2024-09-09 13:00:01,0.0,0.0,WSW,255
1664,2024-09-09 13:05:02,0.0,0.0,WSW,250
1665,2024-09-09 13:10:02,0.0,0.0,WSW,245
1666,2024-09-09 13:15:00,0.0,0.0,WSW,251
1667,2024-09-09 13:20:01,0.0,0.0,WSW,252
1668,2024-09-09 13:25:01,0.0,0.0,W,260
1669,2024-09-09 13:30:01,0.0,0.0,WSW,251
1670,2024-09-09 13:35:01,0.0,0.0,SW,225
1671,2024-09-09 13:40:01,0.0,0.0,SW,218
1672,2024-09-09 13:45:00,0.0,0.0,SW,216
1673,2024-09-09 13:50:01,0.0,0.0,SW,231
1674,2024-09-09 13:55:01,0.0,0.0,WSW,246
1675,2024-09-09 14:00:01,0.0,0.0,WSW,249
1676,2024-09-09 14:05:02,0.0,0.0,W,261
1677,2024-09-09 14:10:01,0.0,0.0,W,281
1678,2024-09-09 14:15:02,0.0,0.0,W,270
1679,2024-09-09 14:20:00,0.0,0.0,WSW,257
1680,2024-09-09 14:25:00,0.0,0.0,W,267
1681,2024-09-09 14:30:00,0.0,0.0,WSW,253
1682,2024-09-09 14:35:00,0.0,0.0,SW,227
1683,2024-09-09 14:40:00,0.0,0.0,SW,217
1684,2024-09-09 14:45:00,0.0,0.0,WSW,246
1685,2024-09-09 14:50:00,0.0,0.0,W,278
1686,2024-09-09 14:55:00,0.0,0.0,W,265
1687,2024-09-09 15:00:00,0.0,0.0,W,271
1688,2024-09-09 15:05:01,0.0,0.0,WNW,298
1689,2024-09-09 15:10:01,0.0,0.0,WNW,285
1690,2024-09-09 15:15:01,0.0,0.0,WSW,254
1691,2024-09-09 15:20:01,0.0,0.0,WSW,253
1692,2024-09-09 15:25:00,0.0,0.0,W,281
1693,2024-09-09 15:30:00,0.0,0.0,WNW,287
1694,2024-09-09 15:35:00,0.0,0.0,W,261
1695,2024-09-09 15:40:00,0.0,0.0,W,260
1696,2024-09-09 15:45:00,0.0,0.0,NW,309
1697,2024-09-09 15:50:00,0.0,0.0,NNW,333
1698,2024-09-09 15:55:01,0.0,0.0,NNW,342
1699,2024-09-09 16:00:00,0.0,0.0,NNW,334
1700,2024-09-09 16:05:00,0.0,0.0,NW,324
1701,2024-09-09 16:10:01,0.0,0.0,NW,321
1702,2024-09-09 16:15:00,0.0,0.0,NW,321
1703,2024-09-09 16:20:00,0.0,0.0,NNW,332
1704,2024-09-09 16:25:00,0.0,0.0,N,355
1705,2024-09-09 16:30:00,0.0,0.0,N,359
1706,2024-09-09 16:35:01,0.0,0.0,NNE,30
1707,2024-09-09 16:40:00,7.0,19.1,ENE,77
1708,2024-09-09 16:45:00,14.8,19.1,E,91
1709,2024-09-09 16:50:00,14.0,18.3,E,99
1710,2024-09-09 16:55:00,11.3,14.8,ESE,104
1711,2024-09-09 17:00:00,10.5,13.0,ESE,104
1712,2024-09-09 17:05:00,9.5,11.3,ESE,103
1713,2024-09-09 17:10:00,8.7,10.5,ESE,108
1714,2024-09-09 17:15:00,7.8,9.5,ESE,110
1715,2024-09-09 17:20:01,7.8,9.5,ESE,107
1716,2024-09-09 17:25:01,7.0,7.8,ESE,103
1717,2024-09-09 17:30:00,6.0,7.8,ESE,110
1718,2024-09-09 17:35:01,4.3,6.0,ESE,122
1719,2024-09-09 17:40:00,4.3,6.0,SE,128
1720,2024-09-09 17:45:01,3.5,6.0,SE,131
1721,2024-09-09 17:50:00,2.5,5.2,SE,129
1722,2024-09-09 17:55:00,2.5,5.2,ESE,123
1723,2024-09-09 18:00:00,2.5,3.5,ESE,120
1724,2024-09-09 18:05:00,1.8,3.5,ESE,111
1725,2024-09-09 18:10:00,0.0,1.8,E,97
1726,2024-09-09 18:15:00,0.0,0.8,E,89
1727,2024-09-09 18:20:00,0.0,2.5,ENE,78
1728,2024-09-09 18:25:00,0.0,2.5,ENE,70
1729,2024-09-09 18:30:00,1.8,7.8,ENE,74
1730,2024-09-09 18:35:00,4.3,7.8,ENE,77
1731,2024-09-09 18:40:00,5.2,7.0,ENE,73
1732,2024-09-09 18:45:00,3.5,6.0,ENE,68
1733,2024-09-09 18:50:00,3.5,7.0,ENE,73
1734,2024-09-09 18:55:01,5.2,7.8,E,80
1735,2024-09-09 19:00:00,7.0,8.7,E,83
1736,2024-09-09 19:05:00,7.8,9.6,E,84
1737,2024-09-09 19:10:01,8.7,10.5,E,85
1738,2024-09-09 19:15:00,9.5,10.5,E,86
1739,2024-09-09 19:20:01,10.5,14.0,E,82
1740,2024-09-09 19:25:01,12.2,14.8,E,79
1741,2024-09-09 19:30:01,13.0,15.6,E,79
1742,2024-09-09 19:35:00,12.2,15.6,ENE,78
1743,2024-09-09 19:40:00,12.2,16.5,ENE,78
1744,2024-09-09 19:45:00,13.0,16.5,ENE,74
1745,2024-09-09 19:50:00,13.0,16.5,ENE,72
1746,2024-09-09 19:55:00,13.0,16.5,ENE,72
1747,2024-09-09 20:00:00,12.2,14.8,ENE,70
1748,2024-09-09 20:05:00,10.5,14.8,ENE,67
1749,2024-09-09 20:10:00,7.8,11.3,ENE,64
1750,2024-09-09 20:15:00,7.0,11.3,ENE,64
1751,2024-09-09 20:20:00,6.0,10.4,ENE,62
1752,2024-09-09 20:25:00,6.0,10.4,ENE,60
1753,2024-09-09 20:30:01,5.2,8.7,ENE,60
1754,2024-09-09 20:35:01,5.2,9.5,ENE,62
1755,2024-09-09 20:40:00,6.0,9.5,ENE,63
1756,2024-09-09 20:45:01,7.0,9.6,ENE,63
1757,2024-09-09 20:50:01,7.8,14.8,ENE,66
1758,2024-09-09 20:55:00,9.5,14.8,ENE,68
1759,2024-09-09 21:00:00,11.3,14.0,ENE,70
1760,2024-09-09 21:05:00,11.3,14.0,ENE,68
1761,2024-09-09 21:10:01,10.5,14.0,ENE,63
1762,2024-09-09 21:15:01,8.7,12.2,ENE,63
1763,2024-09-09 21:20:01,8.7,12.2,ENE,65
1764,2024-09-09 21:25:02,8.7,12.2,ENE,65
1765,2024-09-09 21:30:01,7.8,10.5,ENE,65
1766,2024-09-09 21:35:01,8.7,10.5,ENE,66
1767,2024-09-09 21:40:01,7.8,10.5,ENE,61
1768,2024-09-09 21:45:02,7.0,11.3,ENE,60
1769,2024-09-09 21:50:01,7.0,11.3,ENE,60
1770,2024-09-09 21:55:01,6.0,8.7,ENE,57
1771,2024-09-09 22:00:01,5.2,8.7,ENE,57
1772,2024-09-09 22:05:02,5.2,8.7,ENE,57
1773,2024-09-09 22:10:00,6.0,9.5,ENE,61
1774,2024-09-09 22:15:01,7.0,9.5,ENE,64
1775,2024-09-09 22:20:01,7.0,9.5,ENE,64
1776,2024-09-09 22:25:01,6.0,9.5,ENE,58
1777,2024-09-09 22:30:01,6.0,8.7,NE,53
1778,2024-09-09 22:35:01,6.0,9.5,NE,49
1779,2024-09-09 22:40:01,6.0,9.5,NE,43
1780,2024-09-09 22:45:00,5.2,8.7,NE,41
1781,2024-09-09 22:50:01,4.3,8.7,NE,40
1782,2024-09-09 22:55:01,5.2,7.8,NE,41
1783,2024-09-09 23:00:02,5.2,7.8,NE,42
1784,2024-09-09 23:05:01,6.0,8.7,NE,43
1785,2024-09-09 23:10:01,6.0,8.7,NE,42
1786,2024-09-10 00:00:00,4.3,7.8,NE,45
1787,2024-09-10 00:05:01,4.3,7.8,NE,42
1788,2024-09-10 00:10:00,4.3,7.8,NE,39
1789,2024-09-10 00:15:00,4.3,7.0,NE,37
1790,2024-09-10 00:20:00,4.3,7.0,NE,37
1791,2024-09-10 00:25:00,4.3,7.0,NE,38
1792,2024-09-10 00:30:00,4.3,6.0,NE,37
1793,2024-09-10 00:35:00,4.3,7.0,NE,36
1794,2024-09-10 16:45:00,8.7,13.0,SSE,161
1795,2024-09-10 16:50:00,7.8,11.3,SSE,160
1796,2024-09-10 16:55:01,8.7,11.3,SSE,158
1797,2024-09-10 17:00:01,7.8,11.3,SSE,158
1798,2024-09-10 17:05:01,7.8,11.3,SSE,157
1799,2024-09-10 17:10:00,7.8,11.3,SSE,153
1800,2024-09-10 17:15:00,7.8,11.3,SSE,150
1801,2024-09-10 17:20:00,7.8,12.2,SSE,148
1802,2024-09-10 17:25:00,8.7,12.2,SSE,150
1803,2024-09-10 17:30:00,7.8,10.5,SSE,152
1804,2024-09-10 17:35:00,7.8,11.3,SSE,153
1805,2024-09-10 17:40:00,8.7,11.3,SSE,156
1806,2024-09-10 17:45:00,8.7,11.3,SSE,159
1807,2024-09-10 17:50:00,7.8,11.3,SSE,157
1808,2024-09-10 17:55:01,7.8,11.3,SSE,157
1809,2024-09-10 18:00:00,8.7,13.0,SSE,157
1810,2024-09-10 18:05:00,8.7,13.0,SSE,158
1811,2024-09-10 18:10:00,8.7,10.5,SSE,160
1812,2024-09-10 18:15:00,8.7,11.3,SSE,155
1813,2024-09-10 18:20:01,8.7,12.2,SSE,153
1814,2024-09-10 18:25:00,8.7,12.2,SSE,157
1815,2024-09-10 18:30:00,8.7,11.3,SSE,156
1816,2024-09-10 18:35:00,7.8,11.3,SSE,155
1817,2024-09-10 18:40:00,8.7,13.0,SSE,158
1818,2024-09-10 18:45:00,9.5,13.0,SSE,157
1819,2024-09-10 18:50:00,8.7,12.2,SSE,156
1820,2024-09-10 18:55:00,8.7,12.2,SSE,157
1821,2024-09-10 19:00:00,8.7,12.2,SSE,155
1822,2024-09-10 19:05:00,7.8,11.3,SSE,158
1823,2024-09-10 19:10:00,8.7,12.2,SSE,162
1824,2024-09-10 19:15:00,9.5,13.0,SSE,159
1825,2024-09-10 19:20:00,8.7,13.0,SSE,156
1826,2024-09-10 19:25:00,8.7,12.2,SSE,155
1827,2024-09-10 19:30:00,8.7,12.2,SSE,154
1828,2024-09-10 19:35:00,7.8,10.5,SSE,154
1829,2024-09-10 19:40:01,7.8,10.5,SSE,155
1830,2024-09-10 19:45:00,7.8,10.5,SSE,159
1831,2024-09-10 19:50:00,7.8,10.5,SSE,163
1832,2024-09-10 19:55:00,7.8,10.5,SSE,163
1833,2024-09-10 20:00:00,7.8,10.5,SSE,162
1834,2024-09-10 20:05:00,7.8,10.5,SSE,162
1835,2024-09-10 20:10:01,7.8,10.5,SSE,165
1836,2024-09-10 20:15:00,8.7,10.5,S,169
1837,2024-09-10 20:20:01,7.8,10.5,S,175
1838,2024-09-10 20:25:00,7.8,10.5,S,182
1839,2024-09-10 20:30:00,7.8,9.5,S,186
1840,2024-09-10 20:35:00,7.8,10.5,S,181
1841,2024-09-10 20:40:00,7.8,10.5,S,176
1842,2024-09-10 20:45:00,7.0,9.5,S,176
1843,2024-09-10 20:50:00,7.0,9.5,S,177
1844,2024-09-10 20:55:01,7.0,9.5,S,180
1845,2024-09-10 21:00:01,7.0,9.5,S,182
1846,2024-09-10 21:05:01,7.0,8.7,S,178
1847,2024-09-10 21:10:01,7.0,8.7,S,179
1848,2024-09-10 21:15:00,6.0,8.7,S,186
1849,2024-09-10 21:20:01,6.0,7.8,S,188
1850,2024-09-10 21:25:02,5.2,7.0,SSW,192
1851,2024-09-10 21:30:02,5.2,7.0,S,191
1852,2024-09-10 21:35:01,5.2,7.8,S,185
1853,2024-09-10 21:40:01,5.2,7.8,S,177
1854,2024-09-10 21:45:01,5.2,6.0,S,174
1855,2024-09-10 21:50:02,4.3,6.0,S,174
1856,2024-09-10 21:55:00,4.3,6.0,S,174
1857,2024-09-10 22:00:00,3.5,5.2,S,183
1858,2024-09-10 22:05:01,1.8,4.3,SSW,209
1859,2024-09-10 22:10:02,0.0,0.0,SW,225
1860,2024-09-10 22:15:02,0.0,0.0,SW,219
1861,2024-09-10 22:20:02,0.0,0.0,SW,218
1862,2024-09-10 22:25:02,0.0,0.0,WSW,240
1863,2024-09-10 22:30:01,1.8,9.5,NW,309
1864,2024-09-10 22:35:01,4.3,9.5,NNW,344
1865,2024-09-10 22:40:01,5.2,8.7,N,354
1866,2024-09-10 22:45:01,5.2,8.7,N,353
1867,2024-09-10 22:50:01,5.2,7.0,N,353
1868,2024-09-10 22:55:00,6.0,11.3,N,6
1869,2024-09-10 23:00:00,7.8,11.3,NNE,17
1870,2024-09-10 23:05:01,7.8,11.3,NNE,19
1871,2024-09-10 23:10:01,7.8,11.3,NNE,16
1872,2024-09-11 00:00:01,14.8,20.8,E,96
1873,2024-09-11 00:05:01,15.6,20.8,ESE,108
1874,2024-09-11 00:10:01,14.8,20.8,ESE,107
1875,2024-09-11 00:15:02,14.0,17.3,ESE,109
1876,2024-09-11 00:20:02,13.0,17.4,ESE,121
1877,2024-09-11 00:25:01,12.2,17.4,SE,124
1878,2024-09-11 00:30:00,8.7,12.2,ESE,115
1879,2024-09-11 00:35:01,6.0,10.5,ESE,107
1880,2024-09-11 00:40:00,6.0,9.5,E,97
1881,2024-09-11 00:45:01,7.8,12.2,E,86
1882,2024-09-11 00:50:01,10.5,14.0,E,87
1883,2024-09-11 00:55:01,11.3,14.0,E,86
1884,2024-09-11 01:00:00,10.5,13.0,E,79
1885,2024-09-11 01:05:00,9.5,13.0,ENE,66
1886,2024-09-11 01:10:00,7.8,13.0,NE,50
1887,2024-09-11 01:15:01,7.0,11.3,NE,37
1888,2024-09-11 01:20:02,7.0,11.3,NNE,33
1889,2024-09-11 01:25:02,7.0,10.5,NNE,31
1890,2024-09-11 01:30:01,7.0,10.5,NNE,27
1891,2024-09-11 01:35:01,7.8,9.5,NNE,20
1892,2024-09-11 01:40:01,7.0,9.5,N,10
1893,2024-09-11 01:45:01,6.0,9.6,N,5
1894,2024-09-11 01:50:02,6.0,9.6,NNE,19
1895,2024-09-11 01:55:01,6.0,10.5,NE,38
1896,2024-09-11 02:00:01,6.0,10.5,NE,44
1897,2024-09-11 02:05:00,5.2,8.7,NE,42
1898,2024-09-11 02:10:00,6.0,9.5,NE,43
1899,2024-09-11 02:15:00,7.0,10.5,NE,47
1900,2024-09-11 02:20:01,6.0,10.5,NE,47
1901,2024-09-11 02:25:01,5.2,9.5,NE,46
1902,2024-09-11 02:30:00,5.2,8.7,NE,43
1903,2024-09-11 02:35:00,4.3,7.0,NE,41
1904,2024-09-11 02:40:00,4.3,7.8,NE,45
1905,2024-09-11 02:45:00,4.3,7.8,NE,46
1906,2024-09-11 02:50:00,4.3,7.8,NE,42
1907,2024-09-11 02:55:00,4.3,7.8,NE,34
1908,2024-09-11 03:00:00,4.3,7.8,NNE,24
1909,2024-09-11 03:05:00,3.5,6.0,NNE,30
1910,2024-09-11 03:10:01,3.5,7.0,NE,41
1911,2024-09-11 03:15:00,3.5,7.0,NE,34
1912,2024-09-11 03:20:01,3.5,7.0,NNE,30
1913,2024-09-11 03:25:00,2.5,7.0,NE,43
1914,2024-09-11 03:30:00,2.5,4.3,NE,41
1915,2024-09-11 03:35:00,2.5,7.0,NNE,31
1916,2024-09-11 03:40:00,3.5,7.0,NNE,33
1917,2024-09-11 03:45:00,3.5,7.0,NE,38
1918,2024-09-11 03:50:00,3.5,7.8,NE,40
1919,2024-09-11 03:55:00,4.3,7.8,NE,39
1920,2024-09-11 04:00:00,4.3,7.8,NNE,29
1921,2024-09-11 04:05:00,4.3,7.8,NNE,23
1922,2024-09-11 04:10:00,4.3,7.8,NNE,33
1923,2024-09-11 04:15:00,4.3,7.8,NE,42
1924,2024-09-11 04:20:00,4.3,5.2,NE,42
1925,2024-09-11 07:40:01,4.3,5.2,NNE,22
1926,2024-09-11 07:45:00,1.8,5.2,NNE,31
1927,2024-09-11 07:50:00,1.8,4.3,NE,39
1928,2024-09-11 07:55:00,2.5,5.2,NE,47
1929,2024-09-11 08:00:00,2.5,7.0,NE,52
1930,2024-09-11 08:05:00,2.5,7.0,NE,53
1931,2024-09-11 08:10:00,2.5,5.2,NE,54
1932,2024-09-11 08:15:00,3.5,7.0,NE,54
1933,2024-09-11 08:20:00,4.3,7.8,NE,56
1934,2024-09-11 08:25:00,4.3,8.7,NE,53
1935,2024-09-11 08:30:00,5.2,8.7,NE,51
1936,2024-09-11 08:35:00,5.2,8.7,NE,52
1937,2024-09-11 08:40:01,5.2,8.7,NE,55
1938,2024-09-11 08:45:00,6.0,8.7,NE,56
1939,2024-09-11 08:50:01,6.0,8.7,NE,53
1940,2024-09-11 08:55:00,5.2,8.7,NE,49
1941,2024-09-11 09:00:00,6.0,10.5,NE,46
1942,2024-09-11 09:05:00,6.0,10.5,NE,48
1943,2024-09-11 09:10:00,6.0,9.5,NE,49
1944,2024-09-11 09:15:01,6.0,9.6,NE,52
1945,2024-09-11 09:20:00,6.0,9.6,ENE,59
1946,2024-09-11 09:25:00,5.2,9.6,ENE,61
1947,2024-09-11 09:30:00,4.3,9.6,NE,54
1948,2024-09-11 09:35:00,4.3,7.0,NE,45
1949,2024-09-11 09:40:00,4.3,7.0,NE,41
1950,2024-09-11 09:45:00,3.5,7.0,NE,40
1951,2024-09-11 09:50:01,4.3,7.8,NE,38
1952,2024-09-11 09:55:00,5.2,7.8,NE,42
1953,2024-09-11 10:00:00,5.2,7.8,NE,44
1954,2024-09-11 10:05:00,4.3,7.8,NE,48
1955,2024-09-11 10:10:00,4.3,7.8,NE,51
1956,2024-09-11 10:15:00,4.3,7.8,NE,46
1957,2024-09-11 10:20:01,2.5,7.0,NE,49
1958,2024-09-11 10:25:00,2.5,7.0,NE,56
1959,2024-09-11 10:30:00,3.5,7.8,NE,54
1960,2024-09-11 10:35:01,2.5,7.8,NE,55
1961,2024-09-11 10:40:01,3.5,7.8,ENE,58
1962,2024-09-11 10:45:01,4.3,8.7,ENE,58
1963,2024-09-11 10:50:00,4.3,8.7,ENE,63
1964,2024-09-11 10:55:01,6.0,10.5,ENE,68
1965,2024-09-11 11:00:01,7.0,12.2,ENE,73
1966,2024-09-11 11:05:01,8.7,12.2,ENE,77
1967,2024-09-11 11:10:01,8.7,10.5,E,80
1968,2024-09-11 11:15:01,7.8,9.5,E,84
1969,2024-09-11 11:20:01,7.8,10.5,E,82
1970,2024-09-11 11:25:00,7.8,10.5,E,83
1971,2024-09-11 11:30:00,7.8,10.5,E,84
1972,2024-09-11 11:35:00,7.0,9.5,E,81
1973,2024-09-11 11:40:01,6.0,7.8,E,81
1974,2024-09-11 11:45:02,6.0,7.8,E,80
1975,2024-09-11 11:50:02,6.0,8.7,ENE,78
1976,2024-09-11 11:55:01,6.0,8.7,ENE,77
1977,2024-09-11 12:00:01,6.0,9.5,ENE,77
1978,2024-09-11 12:05:01,7.0,9.5,E,82
1979,2024-09-11 12:10:01,7.0,9.5,E,94
1980,2024-09-11 12:15:01,6.0,9.5,E,101
1981,2024-09-11 12:20:01,5.2,7.8,E,101
1982,2024-09-11 12:25:01,7.0,9.5,ESE,103
1983,2024-09-11 12:30:01,7.8,9.5,ESE,106
1984,2024-09-11 12:35:01,8.7,10.5,ESE,108
1985,2024-09-11 12:40:01,9.5,12.2,ESE,111
1986,2024-09-11 12:45:02,9.5,12.2,ESE,114
1987,2024-09-11 12:50:01,9.5,11.3,ESE,115
1988,2024-09-11 12:55:02,8.7,10.5,ESE,111
1989,2024-09-11 13:00:01,7.8,8.7,ESE,105
1990,2024-09-11 13:05:00,7.0,8.7,E,99
1991,2024-09-11 13:10:01,6.0,7.8,E,95
1992,2024-09-11 13:15:01,7.0,7.8,E,96
1993,2024-09-11 13:20:00,7.0,8.7,ESE,103
1994,2024-09-11 13:25:01,7.8,10.5,ESE,109
1995,2024-09-11 13:30:01,7.8,10.5,ESE,107
1996,2024-09-11 13:35:00,7.0,7.8,ESE,102
1997,2024-09-11 13:40:00,6.0,7.8,E,97
1998,2024-09-11 13:45:00,6.0,8.7,E,97
1999,2024-09-11 13:50:01,6.0,8.7,ESE,106
2000,2024-09-11 13:55:02,6.0,7.8,ESE,113
2001,2024-09-11 14:00:02,5.2,7.0,ESE,114
2002,2024-09-11 14:05:01,4.3,7.0,ESE,115
2003,2024-09-11 14:10:01,3.5,6.0,ESE,114
2004,2024-09-11 14:15:01,3.5,6.0,ESE,111
2005,2024-09-11 14:20:01,3.5,6.0,ESE,105
2006,2024-09-11 14:25:01,2.5,6.0,ESE,102
2007,2024-09-11 14:30:02,3.5,7.0,E,99
2008,2024-09-11 14:35:01,4.3,7.8,E,95
2009,2024-09-11 14:40:00,4.3,7.8,ESE,113
2010,2024-09-11 14:45:01,5.2,7.8,SE,132
2011,2024-09-11 14:50:02,5.2,7.8,SE,134
2012,2024-09-11 14:55:02,5.2,9.5,SE,129
2013,2024-09-11 15:00:02,6.0,9.5,SE,127
2014,2024-09-11 15:05:02,7.0,8.7,ESE,121
2015,2024-09-11 15:10:01,7.8,10.5,ESE,113
2016,2024-09-11 15:15:01,7.8,10.5,ESE,117
2017,2024-09-11 15:20:01,7.8,9.5,ESE,123
2018,2024-09-11 15:25:00,7.8,9.5,ESE,123
2019,2024-09-11 15:30:00,7.8,10.5,ESE,118
2020,2024-09-11 15:35:01,8.7,10.5,ESE,117
2021,2024-09-11 15:40:01,8.7,10.5,ESE,118
2022,2024-09-11 15:45:00,9.5,11.3,ESE,114
2023,2024-09-11 15:50:00,9.5,11.3,ESE,113
2024,2024-09-11 15:55:00,9.5,11.3,ESE,114
2025,2024-09-11 16:00:01,9.5,11.3,ESE,116
2026,2024-09-11 16:05:02,9.5,12.2,ESE,117
2027,2024-09-11 16:10:01,9.5,12.2,ESE,118
2028,2024-09-11 16:15:00,9.5,11.3,ESE,121
2029,2024-09-11 16:20:01,9.5,10.5,ESE,121
2030,2024-09-11 16:25:02,8.7,10.5,ESE,117
2031,2024-09-11 16:30:01,8.7,11.3,ESE,116
2032,2024-09-11 16:35:01,8.7,11.3,ESE,118
2033,2024-09-11 16:40:02,7.8,10.5,ESE,121
2034,2024-09-11 16:45:01,7.8,10.5,ESE,123
2035,2024-09-11 16:50:01,7.8,9.5,SE,125
2036,2024-09-11 16:55:01,7.0,10.5,SE,127
2037,2024-09-11 17:00:01,7.8,10.5,SE,142
2038,2024-09-11 17:05:02,7.8,11.3,SSE,155
2039,2024-09-11 17:10:00,7.8,11.3,SSE,151
2040,2024-09-11 17:15:01,7.8,10.5,SSE,149
2041,2024-09-11 17:20:00,8.7,11.3,SSE,147
2042,2024-09-11 17:25:01,9.5,12.2,SSE,147
2043,2024-09-11 17:30:01,9.5,13.0,SSE,156
2044,2024-09-11 17:35:01,9.5,13.0,SSE,162
2045,2024-09-11 17:40:00,9.5,13.0,SSE,160
2046,2024-09-11 17:45:01,8.7,12.2,SSE,158
2047,2024-09-11 17:50:01,9.5,14.0,SSE,161
2048,2024-09-11 17:55:01,10.5,14.0,SSE,161
2049,2024-09-11 18:00:02,10.5,14.0,SSE,161
2050,2024-09-11 18:05:02,10.5,14.8,SSE,163
2051,2024-09-11 18:10:02,11.3,14.8,SSE,168
2052,2024-09-11 18:15:02,9.5,14.0,SSE,167
2053,2024-09-11 18:20:02,9.5,14.0,SSE,166
2054,2024-09-11 18:25:00,9.5,14.0,SSE,167
2055,2024-09-11 18:30:00,9.5,14.0,SSE,160
2056,2024-09-11 18:35:00,9.5,14.0,SSE,161
2057,2024-09-11 18:40:00,8.7,14.0,SSE,164
2058,2024-09-11 18:45:00,8.7,12.2,SSE,159
2059,2024-09-11 18:50:00,8.7,12.2,SSE,159
2060,2024-09-11 18:55:00,7.8,12.2,SSE,158
2061,2024-09-11 19:00:00,7.8,10.5,SSE,159
2062,2024-09-11 19:05:00,7.0,10.5,SSE,158
2063,2024-09-11 19:10:00,6.0,10.5,SSE,153
2064,2024-09-11 19:15:00,6.0,10.5,SSE,153
2065,2024-09-11 19:20:00,6.0,10.5,SSE,150
2066,2024-09-11 19:25:00,6.0,10.5,SE,144
2067,2024-09-11 19:30:00,6.0,10.5,SE,143
2068,2024-09-11 19:35:00,6.0,7.8,SE,143
2069,2024-09-11 19:40:00,5.2,7.8,SE,141
2070,2024-09-11 19:45:00,5.2,7.8,SE,137
2071,2024-09-11 19:50:00,4.3,7.0,SE,136
2072,2024-09-11 19:55:00,3.5,7.0,SE,138
2073,2024-09-11 20:00:00,3.5,5.2,SE,131
2074,2024-09-11 20:05:00,2.5,5.2,ESE,114
2075,2024-09-11 20:10:00,3.5,6.0,ESE,108
2076,2024-09-11 20:15:00,4.3,7.0,ESE,113
2077,2024-09-11 20:20:00,6.0,7.8,ESE,118
2078,2024-09-11 20:25:00,6.0,7.8,ESE,115
2079,2024-09-11 20:30:00,6.0,7.8,ESE,108
2080,2024-09-11 20:35:00,6.0,7.0,ESE,104
2081,2024-09-11 20:40:01,6.0,7.0,E,100
2082,2024-09-11 20:45:01,5.2,7.0,E,93
2083,2024-09-11 20:50:01,5.2,8.7,ENE,62
2084,2024-09-11 20:55:01,5.2,8.7,NE,39
2085,2024-09-11 21:00:01,7.0,12.2,NE,44
2086,2024-09-11 21:05:00,9.5,13.0,NE,50
2087,2024-09-11 21:10:01,8.7,13.0,NE,47
2088,2024-09-11 21:15:01,7.0,10.5,NNE,31
2089,2024-09-11 21:20:01,4.3,8.7,N,357
2090,2024-09-11 21:25:01,2.5,7.0,NNW,341
2091,2024-09-11 21:30:01,4.3,11.3,N,351
2092,2024-09-11 21:35:01,6.0,15.6,N,350
2093,2024-09-11 21:40:00,7.0,16.5,NNW,347
2094,2024-09-11 21:45:01,7.8,16.5,NNW,345
2095,2024-09-11 21:50:01,8.7,11.3,NNW,347
2096,2024-09-11 21:55:01,7.0,11.3,NNW,329
2097,2024-09-11 22:00:01,2.5,7.8,WNW,299
2098,2024-09-11 22:05:01,2.5,7.0,NNW,344
2099,2024-09-11 22:10:01,6.0,10.5,NNE,33
2100,2024-09-11 22:15:02,7.8,14.0,NE,50
2101,2024-09-11 22:20:01,9.5,16.5,ENE,57
2102,2024-09-11 22:25:01,10.5,16.5,NE,51
2103,2024-09-11 22:30:01,10.5,14.8,NE,39
2104,2024-09-11 22:35:02,9.5,12.2,NNE,19
2105,2024-09-11 22:40:01,8.7,12.2,N,9
2106,2024-09-11 22:45:01,7.8,11.3,N,358
2107,2024-09-11 22:50:01,7.8,10.5,N,352
2108,2024-09-11 22:55:02,7.0,11.3,N,356
2109,2024-09-11 23:00:01,7.0,11.3,NNW,347
2110,2024-09-11 23:05:01,6.0,9.5,N,354
2111,2024-09-11 23:10:01,5.2,8.7,N,3
2112,2024-09-12 00:00:01,7.8,14.8,NE,53
2113,2024-09-12 00:05:00,7.8,14.8,NE,54
2114,2024-09-12 00:10:00,7.0,12.2,NE,49
2115,2024-09-12 00:15:01,8.7,14.0,NE,45
2116,2024-09-12 00:20:01,7.8,14.0,NE,47
2117,2024-09-12 00:30:01,7.8,11.3,NE,52
2118,2024-09-12 00:35:01,7.8,13.0,ENE,57
2119,2024-09-12 00:40:01,8.7,14.0,ENE,62
2120,2024-09-12 00:45:01,10.5,16.5,ENE,62
2121,2024-09-12 00:50:01,11.3,16.5,ENE,64
2122,2024-09-12 00:55:02,11.3,15.6,ENE,63
2123,2024-09-12 01:00:01,9.5,14.8,ENE,59
2124,2024-09-12 01:05:02,7.0,13.9,NNE,27
2125,2024-09-12 01:10:01,6.0,14.0,NNW,332
2126,2024-09-12 01:15:01,8.7,14.0,NNW,337
2127,2024-09-12 01:20:01,10.5,14.8,NNE,26
2128,2024-09-12 01:25:01,10.5,14.8,NE,54
2129,2024-09-12 01:30:01,10.5,14.0,ENE,57
2130,2024-09-12 01:35:01,9.5,13.0,NE,52
2131,2024-09-12 01:40:00,7.0,12.2,NE,48
2132,2024-09-12 01:45:00,6.0,9.5,NE,49
2133,2024-09-12 01:50:01,6.0,9.5,NE,55
2134,2024-09-12 01:55:00,6.0,9.5,ENE,60
2135,2024-09-12 02:00:01,6.0,9.5,ENE,64
2136,2024-09-12 02:05:01,7.8,12.2,ENE,69
2137,2024-09-12 02:10:01,9.5,14.0,ENE,72
2138,2024-09-12 02:15:01,11.3,14.0,ENE,74
2139,2024-09-12 02:20:00,10.5,14.0,ENE,73
2140,2024-09-12 02:25:01,8.7,12.2,ENE,67
2141,2024-09-12 02:30:02,7.0,10.5,ENE,60
2142,2024-09-12 02:35:01,5.2,9.6,NE,36
2143,2024-09-12 02:40:01,5.2,9.6,N,352
2144,2024-09-12 02:45:01,6.0,9.5,NNW,343
2145,2024-09-12 02:50:01,7.8,13.0,N,2
2146,2024-09-12 02:55:01,7.8,13.0,NNE,30
2147,2024-09-12 03:00:01,7.8,9.5,NE,38
2148,2024-09-12 03:05:01,7.0,12.2,NNE,31
2149,2024-09-12 03:10:01,8.7,13.0,NNE,29
2150,2024-09-12 03:15:00,9.5,13.0,NNE,30
2151,2024-09-12 03:20:01,8.7,13.0,NE,39
2152,2024-09-12 03:25:01,9.5,13.0,NE,43
2153,2024-09-12 03:30:01,9.5,13.0,NE,46
2154,2024-09-12 03:35:01,9.5,13.0,NE,47
2155,2024-09-12 03:40:01,8.7,13.0,NE,49
2156,2024-09-12 03:45:01,7.8,12.2,NE,52
2157,2024-09-12 03:50:00,7.8,12.2,NE,50
2158,2024-09-12 03:55:02,7.0,12.2,NE,45
2159,2024-09-12 04:00:00,7.0,12.2,NE,42
2160,2024-09-12 04:05:00,7.0,7.8,NE,42
2161,2024-09-12 07:45:00,7.0,9.6,NE,40
2162,2024-09-12 07:50:00,6.0,10.5,NE,42
2163,2024-09-12 07:55:00,6.0,10.5,NE,47
2164,2024-09-12 08:00:00,5.2,9.6,NE,52
2165,2024-09-12 08:05:00,5.2,9.6,NE,52
2166,2024-09-12 08:10:00,5.2,8.7,NE,53
2167,2024-09-12 08:15:00,6.0,11.3,ENE,57
2168,2024-09-12 08:20:00,6.0,11.3,ENE,61
2169,2024-09-12 08:25:00,7.8,10.5,ENE,66
2170,2024-09-12 08:30:01,9.5,12.2,ENE,67
2171,2024-09-12 08:35:00,9.5,12.2,ENE,64
2172,2024-09-12 08:40:01,8.7,12.2,ENE,62
2173,2024-09-12 08:45:00,7.8,12.2,ENE,61
2174,2024-09-12 08:50:00,7.8,12.2,ENE,60
2175,2024-09-12 08:55:00,7.8,10.5,NE,54
2176,2024-09-12 09:00:01,7.0,10.4,NE,53
2177,2024-09-12 09:05:00,6.0,10.4,ENE,57
2178,2024-09-12 09:10:00,6.0,9.5,NE,55
2179,2024-09-12 09:15:00,5.2,8.7,NE,52
2180,2024-09-12 09:20:00,4.3,7.0,NE,50
2181,2024-09-12 09:25:00,3.5,7.0,NE,47
2182,2024-09-12 09:30:00,3.5,5.2,NE,44
2183,2024-09-12 09:35:00,4.3,7.8,NE,44
2184,2024-09-12 09:40:00,4.3,7.8,NE,44
2185,2024-09-12 09:45:00,4.3,6.0,NE,41
2186,2024-09-12 09:50:00,4.3,7.8,NE,41
2187,2024-09-12 09:55:00,5.2,7.8,NE,42
2188,2024-09-12 10:00:00,5.2,8.7,NE,42
2189,2024-09-12 10:05:01,5.2,8.7,NE,43
2190,2024-09-12 10:10:00,4.3,7.8,NE,43
2191,2024-09-12 10:15:01,4.3,7.8,NE,39
2192,2024-09-12 10:20:00,4.3,7.8,NE,38
2193,2024-09-12 10:25:00,4.3,8.7,NE,39
2194,2024-09-12 10:30:01,6.0,8.7,NE,46
2195,2024-09-12 10:35:01,7.0,10.4,NE,52
2196,2024-09-12 10:40:00,6.0,10.4,NE,52
2197,2024-09-12 10:45:00,5.2,8.7,NE,52
2198,2024-09-12 10:50:00,5.2,8.7,NE,46
2199,2024-09-12 10:55:00,5.2,7.8,NE,45
2200,2024-09-12 11:00:00,5.2,7.8,NE,55
2201,2024-09-12 11:05:00,5.2,7.8,ENE,59
2202,2024-09-12 11:10:00,5.2,7.8,ENE,58
2203,2024-09-12 11:15:00,5.2,7.8,ENE,58
2204,2024-09-12 11:20:00,4.3,7.8,NE,51
2205,2024-09-12 11:25:00,4.3,7.8,NE,47
2206,2024-09-12 11:30:00,5.2,8.7,NE,53
2207,2024-09-12 11:35:00,4.3,8.7,NE,55
2208,2024-09-12 11:40:01,4.3,7.0,ENE,61
2209,2024-09-12 11:45:01,4.3,7.8,ENE,62
2210,2024-09-12 11:50:00,6.0,9.5,ENE,62
2211,2024-09-12 11:55:00,7.0,9.5,ENE,67
2212,2024-09-12 12:00:00,6.0,8.7,ENE,67
2213,2024-09-12 12:05:01,5.2,7.8,ENE,67
2214,2024-09-12 12:10:01,4.3,7.8,ENE,72
2215,2024-09-12 12:15:00,4.3,6.0,E,83
2216,2024-09-12 12:20:01,4.3,6.0,E,82
2217,2024-09-12 12:25:00,3.5,6.0,ENE,77
2218,2024-09-12 12:30:00,2.5,6.0,E,79
2219,2024-09-12 12:35:02,1.8,4.3,E,82
2220,2024-09-12 12:40:01,0.8,2.5,E,86
2221,2024-09-12 12:45:00,0.0,0.0,E,94
2222,2024-09-12 12:50:01,0.0,1.8,ESE,114
2223,2024-09-12 12:55:00,0.0,1.8,SSE,148
2224,2024-09-12 13:00:01,0.0,4.3,SSE,152
2225,2024-09-12 13:05:00,0.8,4.3,SSW,192
2226,2024-09-12 13:10:01,3.5,9.5,SW,219
2227,2024-09-12 13:15:01,5.2,9.5,SSW,207
2228,2024-09-12 13:20:01,5.2,8.7,SSW,196
2229,2024-09-12 13:25:01,5.2,7.8,SSW,199
2230,2024-09-12 13:30:00,4.3,7.0,SSW,201
2231,2024-09-12 13:35:00,5.2,7.8,SSW,208
2232,2024-09-12 13:40:00,4.3,7.8,SSW,207
2233,2024-09-12 13:45:01,3.5,6.0,SW,216
2234,2024-09-12 13:50:01,2.5,8.7,SW,234
2235,2024-09-12 13:55:00,3.5,13.0,WSW,248
2236,2024-09-12 14:00:02,2.5,13.0,W,264
2237,2024-09-12 14:05:01,3.5,9.5,W,267
2238,2024-09-12 14:10:00,6.0,13.0,WNW,293
2239,2024-09-12 14:15:01,7.0,14.0,NW,313
2240,2024-09-12 14:20:01,7.0,14.0,NW,312
2241,2024-09-12 14:25:01,7.8,11.3,NW,307
2242,2024-09-12 14:30:00,7.8,12.2,NW,306
2243,2024-09-12 14:35:01,7.8,12.2,NW,307
2244,2024-09-12 14:40:00,7.8,11.3,NW,313
2245,2024-09-12 14:45:01,7.0,11.3,NW,321
2246,2024-09-12 14:50:01,7.8,14.0,NW,324
2247,2024-09-12 14:55:01,8.7,14.0,NNW,327
2248,2024-09-12 15:00:01,9.5,14.8,NNW,328
2249,2024-09-12 15:05:02,10.5,17.3,NNW,332
2250,2024-09-12 15:10:01,12.2,18.3,NNW,338
2251,2024-09-12 15:15:01,14.0,21.7,NNW,346
2252,2024-09-12 15:20:01,16.5,23.5,N,6
2253,2024-09-12 15:25:02,17.3,23.5,NNE,21
2254,2024-09-12 15:30:01,16.5,20.8,NNE,26
2255,2024-09-12 15:35:01,16.5,20.8,NNE,31
2256,2024-09-12 15:40:01,14.0,20.8,NE,34
2257,2024-09-12 15:45:01,11.3,17.3,NE,42
2258,2024-09-12 15:50:00,11.3,19.1,NE,45
2259,2024-09-12 15:55:01,13.0,19.1,NE,41
2260,2024-09-12 16:00:01,13.0,19.1,NE,39
2261,2024-09-12 16:05:01,12.2,18.3,NE,40
2262,2024-09-12 16:10:01,12.2,18.3,NE,36
2263,2024-09-12 16:15:01,12.2,17.3,NNE,16
2264,2024-09-12 16:20:01,11.3,18.3,N,351
2265,2024-09-12 16:25:01,8.7,18.3,NNW,336
2266,2024-09-12 16:30:01,5.2,11.3,N,352
2267,2024-09-12 16:35:00,6.0,10.5,NNE,20
2268,2024-09-12 16:40:01,7.0,12.2,NNE,29
2269,2024-09-12 16:45:01,7.8,12.2,NNE,15
2270,2024-09-12 16:50:01,8.7,14.0,N,358
2271,2024-09-12 16:55:01,9.5,14.0,N,4
2272,2024-09-12 17:00:01,11.3,18.3,NNE,19
2273,2024-09-12 17:05:01,12.2,18.3,NNE,21
2274,2024-09-12 17:10:01,11.3,14.8,N,8
2275,2024-09-12 17:15:01,11.3,16.5,NNE,12
2276,2024-09-12 17:20:01,11.3,16.5,NNE,21
2277,2024-09-12 17:25:02,11.3,16.5,NNE,29
2278,2024-09-12 17:30:01,10.5,14.8,NE,36
2279,2024-09-12 17:35:01,9.5,14.0,NE,35
2280,2024-09-12 17:40:02,8.7,11.3,NE,38
2281,2024-09-12 17:45:01,7.8,11.3,NE,37
2282,2024-09-12 17:50:02,7.0,10.5,NNE,28
2283,2024-09-12 17:55:01,7.0,10.5,NNE,23
2284,2024-09-12 18:00:02,7.8,10.5,NNE,26
2285,2024-09-12 18:05:01,8.7,10.5,NNE,21
2286,2024-09-12 18:10:00,7.8,10.5,N,359
2287,2024-09-12 18:15:01,7.8,14.0,NNW,340
2288,2024-09-12 18:20:00,9.5,14.0,NNW,343
2289,2024-09-12 18:25:01,9.5,13.0,N,352
2290,2024-09-12 18:30:01,7.0,13.0,N,9
2291,2024-09-12 18:35:01,7.0,11.3,NNE,25
2292,2024-09-12 18:40:00,7.8,11.3,NNE,26
2293,2024-09-12 18:45:01,8.7,12.2,NNE,18
2294,2024-09-12 18:50:01,7.8,12.2,N,7
2295,2024-09-12 18:55:01,7.0,11.3,N,2
2296,2024-09-12 19:00:02,7.8,11.3,N,9
2297,2024-09-12 19:05:01,7.8,11.3,NNE,24
2298,2024-09-12 19:10:01,7.8,11.3,NNE,33
2299,2024-09-12 19:15:02,7.8,11.3,NE,35
2300,2024-09-12 19:20:01,7.8,11.3,NE,36
2301,2024-09-12 19:25:01,7.8,11.3,NE,35
2302,2024-09-12 19:30:01,7.0,9.5,NE,36
2303,2024-09-12 19:35:01,6.0,9.5,NE,38
2304,2024-09-12 19:40:01,5.2,10.5,NE,40
2305,2024-09-12 19:45:00,5.2,10.5,NE,42
2306,2024-09-12 19:50:01,5.2,9.6,NE,41
2307,2024-09-12 19:55:00,6.0,13.0,NE,34
2308,2024-09-12 20:00:01,6.0,13.0,NNE,25
2309,2024-09-12 20:05:01,6.0,11.3,NNE,14
2310,2024-09-12 20:10:01,6.0,11.3,N,11
2311,2024-09-12 20:15:01,7.0,9.5,NNE,20
2312,2024-09-12 20:20:01,6.0,9.5,NNE,27
2313,2024-09-12 20:25:01,4.3,9.5,NNE,18
2314,2024-09-12 20:30:01,3.5,7.0,N,2
2315,2024-09-12 20:35:02,4.3,7.8,N,11
2316,2024-09-12 20:40:00,6.0,10.5,NNE,30
2317,2024-09-12 20:45:00,6.0,10.5,NE,38
2318,2024-09-12 20:50:00,7.0,10.5,NE,41
2319,2024-09-12 20:55:00,7.0,10.5,NE,38
2320,2024-09-12 21:00:00,7.0,10.5,NNE,26
2321,2024-09-12 21:05:00,6.0,11.3,NNE,21
2322,2024-09-12 21:10:00,7.8,12.2,NNE,31
2323,2024-09-12 21:15:00,9.5,12.2,NE,35
2324,2024-09-12 21:20:00,8.7,12.2,NE,34
2325,2024-09-12 21:25:01,7.8,10.5,NNE,27
2326,2024-09-12 21:30:00,7.8,12.2,NNE,12
2327,2024-09-12 21:35:00,7.8,13.0,N,3
2328,2024-09-12 21:40:00,7.8,13.0,N,358
2329,2024-09-12 21:45:01,6.0,9.5,N,350
2330,2024-09-12 21:50:01,6.0,9.5,N,354
2331,2024-09-12 21:55:01,6.0,8.7,N,7
2332,2024-09-12 22:00:00,6.0,9.6,NNE,17
2333,2024-09-12 22:05:00,7.0,10.5,NNE,22
2334,2024-09-12 22:10:00,7.8,11.3,NNE,26
2335,2024-09-12 22:15:00,7.8,11.3,NNE,27
2336,2024-09-12 22:20:00,7.0,10.5,NNE,24
2337,2024-09-12 22:25:00,6.0,11.3,NNE,26
2338,2024-09-12 22:30:01,7.8,13.0,NNE,31
2339,2024-09-12 22:35:01,8.7,13.0,NNE,32
2340,2024-09-12 22:40:02,8.7,13.0,NNE,29
2341,2024-09-12 22:45:01,9.5,13.0,NNE,25
2342,2024-09-12 22:50:02,9.5,13.0,NNE,32
2343,2024-09-12 22:55:01,9.5,13.0,NE,38
2344,2024-09-12 23:00:02,9.5,14.0,NE,39
2345,2024-09-12 23:05:01,10.5,14.0,NE,39
2346,2024-09-12 23:10:01,10.5,14.0,NE,38
